date,est,book,n_names,vol,ret,turnover,ret_net
2015-01-02,lw,unconstrained,369,0.10307026120037575,0.029847727080299445,,0.029847727080299445
2015-01-02,lw,long_only,369,0.16813062735110496,-0.013251165467063598,,-0.013251165467063598
2015-01-02,mp,unconstrained,369,0.1190807381333824,0.033464722689634886,,0.033464722689634886
2015-01-02,mp,long_only,369,0.15237411647417468,-0.004258329069276881,,-0.004258329069276881
2015-01-02,lw_cc,unconstrained,369,0.10774923545350455,0.021291536425072997,,0.021291536425072997
2015-01-02,lw_cc,long_only,369,0.16237620397065733,-0.013187942681474031,,-0.013187942681474031
2015-02-02,lw,unconstrained,370,0.12307237160521989,-0.0043701776324045535,3.5590569692080862,-0.00792923460161264
2015-02-02,lw,long_only,370,0.09448939098027569,0.04585008930927139,0.5181784461020572,0.04533191086316933
2015-02-02,mp,unconstrained,370,0.09776907374734334,0.008129261878108699,1.2150325191722002,0.006914229358936499
2015-02-02,mp,long_only,370,0.08337950836290363,0.0388455463603789,0.33112070308814767,0.038514425657290755
2015-02-02,lw_cc,unconstrained,370,0.13692278116895007,0.01675514854999351,3.5888812226137072,0.013166267327379803
2015-02-02,lw_cc,long_only,370,0.0925679626783187,0.045493999539508764,0.46957687289846944,0.045024422666610296
2015-03-02,lw,unconstrained,370,0.09870652696897769,-0.009051530718101818,3.382239052022692,-0.01243376977012451
2015-03-02,lw,long_only,370,0.13446485483349344,-0.016886797864326137,0.4519323771451792,-0.017338730241471315
2015-03-02,mp,unconstrained,370,0.11293118116764807,-0.028536558670297914,0.9230583399765117,-0.029459617010274428
2015-03-02,mp,long_only,370,0.13367073636122442,-0.023911892567905855,0.25237867641562883,-0.024164271244321484
2015-03-02,lw_cc,unconstrained,370,0.09830893526856323,-0.014811085510612115,3.848804900728638,-0.01865989041134075
2015-03-02,lw_cc,long_only,370,0.13434184634055976,-0.01602355521662306,0.5000363689062013,-0.01652359158552926
2015-04-01,lw,unconstrained,374,0.09987930955305664,0.0003423099002732473,3.3060583934874757,-0.0029637484932142286
2015-04-01,lw,long_only,374,0.0861560871026422,0.011590663180818014,0.44436389729895953,0.011146299283519056
2015-04-01,mp,unconstrained,374,0.09256734512956086,0.005416081523954026,1.260147813215412,0.0041559337107386135
2015-04-01,mp,long_only,374,0.08382960527258598,0.014185956606457724,0.3191925352055034,0.013866764071252221
2015-04-01,lw_cc,unconstrained,374,0.10794953833413742,-0.012419158287268443,3.2581127818753295,-0.015677271069143774
2015-04-01,lw_cc,long_only,374,0.08566372021131559,0.006658904851151533,0.435088645922149,0.006223816205229384
2015-05-01,lw,unconstrained,376,0.09462200475972367,0.0024285693631644354,3.1972785615045245,-0.0007687091983400894
2015-05-01,lw,long_only,376,0.09091286843857324,0.0027080840521623547,0.43091414684099183,0.002277169905321363
2015-05-01,mp,unconstrained,376,0.08949550495740123,-0.011229878381512104,0.9431150468608627,-0.012172993428372966
2015-05-01,mp,long_only,376,0.08923679821677884,-0.0037012412602337877,0.22392033571608766,-0.003925161595949875
2015-05-01,lw_cc,unconstrained,376,0.10838210607101054,-0.00929642480553881,3.277422583088662,-0.012573847388627473
2015-05-01,lw_cc,long_only,376,0.0913345657034552,0.0022609222692259847,0.43716274270500255,0.001823759526520982
2015-06-01,lw,unconstrained,376,0.07157084327466759,-0.008972396710803196,3.3415457130145843,-0.01231394242381778
2015-06-01,lw,long_only,376,0.1056067992222542,-0.011975650367774296,0.41874814613484646,-0.012394398513909142
2015-06-01,mp,unconstrained,376,0.08462028652094833,0.002944521485714932,0.8486094578562378,0.002095912027858694
2015-06-01,mp,long_only,376,0.09870159614912066,-0.012880479590482746,0.2103265343679747,-0.013090806124850722
2015-06-01,lw_cc,unconstrained,376,0.09201660963786704,-0.003475896602596321,2.8875028134274627,-0.006363399416023784
2015-06-01,lw_cc,long_only,376,0.10809387144048956,-0.011623717366604612,0.3421201702926625,-0.011965837536897275
2015-07-01,lw,unconstrained,377,0.06697675160873029,0.028274003147770878,2.693983071393876,0.025580020076377
2015-07-01,lw,long_only,377,0.10237343982145128,0.008378997923852091,0.35890967177088673,0.008020088252081205
2015-07-01,mp,unconstrained,377,0.06422844670289941,0.006705820756024657,0.7964291616503918,0.005909391594374265
2015-07-01,mp,long_only,377,0.09598450621844316,-0.0028762924124276644,0.20464544368420934,-0.003080937856111874
2015-07-01,lw_cc,unconstrained,377,0.0737077359178105,0.05764258583860026,3.0396875333582587,0.054602898305242
2015-07-01,lw_cc,long_only,377,0.10035867238312784,0.015467989035776503,0.38732582833001983,0.015080663207446483
2015-08-03,lw,unconstrained,378,0.23344904669459612,-0.05255449151938783,2.6608781829808072,-0.05521536970236864
2015-08-03,lw,long_only,378,0.26437843728825317,-0.07356452423381055,0.363172914860191,-0.07392769714867074
2015-08-03,mp,unconstrained,378,0.22536729431798375,-0.046674961837376946,0.9580380304534073,-0.04763299986783035
2015-08-03,mp,long_only,378,0.25979167664161773,-0.06628977811586761,0.22438713729492754,-0.06651416525316255
2015-08-03,lw_cc,unconstrained,378,0.19447189730159098,-0.04419817909731081,3.0831496182509284,-0.04728132871556174
2015-08-03,lw_cc,long_only,378,0.2530255379793393,-0.07218946295823099,0.38876112528455936,-0.07257822408351555
2015-09-01,lw,unconstrained,378,0.13813025222246036,-0.03568665963052424,5.913400359710431,-0.041600059990234674
2015-09-01,lw,long_only,378,0.18500182438159923,-0.0018645639158270562,0.6176187749762879,-0.002482182690803344
2015-09-01,mp,unconstrained,378,0.13051239310320836,-0.02573858866944811,1.8457115015393113,-0.02758430017098742
2015-09-01,mp,long_only,378,0.18313778292997887,-0.014002185905201326,0.39857452394176385,-0.01440076042914309
2015-09-01,lw_cc,unconstrained,378,0.15687190654508737,-0.04901025648822711,7.038376714726565,-0.05604863320295367
2015-09-01,lw_cc,long_only,378,0.1763405633826621,0.0021831652536969605,0.5176909171659005,0.00166547433653106
2015-10-01,lw,unconstrained,380,0.0949072569326388,0.05333290692828102,4.678953405716541,0.04865395352256448
2015-10-01,lw,long_only,380,0.1255281333691916,0.08103125574779138,0.4482378894534609,0.08058301785833792
2015-10-01,mp,unconstrained,380,0.11902763539219377,0.060336912306809994,0.8897924490309026,0.05944711985777909
2015-10-01,mp,long_only,380,0.13381716442757685,0.07813796364786109,0.17672516181493297,0.07796123848604615
2015-10-01,lw_cc,unconstrained,380,0.19261665329101393,0.06709034875841706,4.5012836500890785,0.06258906510832798
2015-10-01,lw_cc,long_only,380,0.12182228401102622,0.08249108174131292,0.3137930916562792,0.08217728864965665
2015-11-02,lw,unconstrained,381,0.10875125914790552,-0.049755289753900575,4.319872530557604,-0.05407516228445818
2015-11-02,lw,long_only,381,0.11361390728164042,-0.008002650417323325,0.4281929595603392,-0.008430843376883665
2015-11-02,mp,unconstrained,381,0.11474379682593185,-0.04175084754293067,1.2320615708160438,-0.04298290911374672
2015-11-02,mp,long_only,381,0.11977268323274141,-0.01754106917892343,0.2602589233449064,-0.017801328102268338
2015-11-02,lw_cc,unconstrained,381,0.15536928486587423,-0.04308999864417176,5.647402373617717,-0.04873740101778948
2015-11-02,lw_cc,long_only,381,0.11484898167624935,-0.0025728721369226767,0.4313550716033735,-0.00300422720852605
2015-12-01,lw,unconstrained,381,0.1334801764658111,-0.030040878572965366,3.6480416244886635,-0.03368892019745403
2015-12-01,lw,long_only,381,0.17005049791426644,-0.048229110804219995,0.42259966955353656,-0.04865171047377353
2015-12-01,mp,unconstrained,381,0.11800595297438524,-0.011266188258360219,1.066343502269409,-0.012332531760629628
2015-12-01,mp,long_only,381,0.16101159392531106,-0.04809202586645295,0.25102034182921557,-0.04834304620828216
2015-12-01,lw_cc,unconstrained,381,0.1606489295061759,-0.0008635334379411544,5.215713500892513,-0.006079246938833668
2015-12-01,lw_cc,long_only,381,0.16303081876621733,-0.038607609845557375,0.40775509000972576,-0.0390153649355671
2016-01-04,lw,unconstrained,385,0.16587016394050585,0.08493606598252881,4.197033247114655,0.08073903273541416
2016-01-04,lw,long_only,385,0.21637076960833362,-0.019392701331862265,0.4431983370244688,-0.019835899668886735
2016-01-04,mp,unconstrained,385,0.11804517746351577,0.10536817102229953,1.1117250584494256,0.10425644596385011
2016-01-04,mp,long_only,385,0.21363211901869283,-0.009747463381980143,0.2573630635687053,-0.01000482644554885
2016-01-04,lw_cc,unconstrained,385,0.2848903405954742,0.17514074095692486,5.449926499483964,0.16969081445744089
2016-01-04,lw_cc,long_only,385,0.20155979950838626,-0.00863871592946844,0.32676166156634767,-0.008965477591034787
2016-02-01,lw,unconstrained,387,0.13811506400386353,0.08474215726763251,4.695272126468495,0.08004688514116401
2016-02-01,lw,long_only,387,0.19558494945576724,0.04134453159935772,0.4463926424872886,0.04089813895687043
2016-02-01,mp,unconstrained,387,0.15241400785826784,0.06322158555321099,1.476043059321999,0.061745542493888986
2016-02-01,mp,long_only,387,0.17608433214428643,0.052374896198316666,0.310288867743432,0.052064607330573234
2016-02-01,lw_cc,unconstrained,387,0.30057350755829715,0.09785245691593243,6.402697806139965,0.09144975910979247
2016-02-01,lw_cc,long_only,387,0.17313550457467583,0.037513018043699775,0.4080193332146861,0.03710499871048509
2016-03-01,lw,unconstrained,387,0.11765028748961734,0.02736275498756586,3.598053188731443,0.023764701798834414
2016-03-01,lw,long_only,387,0.10341528007456584,0.054969587686546986,0.34302555764044484,0.05462656212890654
2016-03-01,mp,unconstrained,387,0.11123242443723795,-0.024125758536775073,1.2613751170499694,-0.025387133653825042
2016-03-01,mp,long_only,387,0.10572389426729661,0.03799811965136358,0.2548273032755493,0.03774329234808803
2016-03-01,lw_cc,unconstrained,387,0.19002835853283304,-0.009564509946061818,5.064305726913502,-0.014628815672975321
2016-03-01,lw_cc,long_only,387,0.08723118744604333,0.055031057394861596,0.32468691956376133,0.05470637047529783
2016-04-01,lw,unconstrained,389,0.15182743900911896,-0.029115109312832916,4.251743653561833,-0.03336685296639475
2016-04-01,lw,long_only,389,0.10988657509962912,0.008903891165898039,0.43298639020796836,0.00847090477569007
2016-04-01,mp,unconstrained,389,0.11955278414650074,0.009695386730028292,0.829989561818488,0.008865397168209804
2016-04-01,mp,long_only,389,0.1075203686416266,0.019230664870814318,0.18096473480980746,0.01904970013600451
2016-04-01,lw_cc,unconstrained,389,0.1768877243364936,0.0023707768609603705,5.72663841982937,-0.0033558615588689996
2016-04-01,lw_cc,long_only,389,0.09606238973288694,0.00736201556891234,0.35898133417290784,0.007003034234739433
2016-05-02,lw,unconstrained,389,0.06371192313631346,0.004299918376755307,4.418520188086161,-0.00011860181133085349
2016-05-02,lw,long_only,389,0.09589286102690245,0.010872323882619828,0.4847162507709134,0.010387607631848914
2016-05-02,mp,unconstrained,389,0.09464543556007095,0.00984009232653337,0.8080851199458151,0.009032007206587554
2016-05-02,mp,long_only,389,0.09298083213073385,0.01032239897720682,0.19486405491876757,0.010127534922288054
2016-05-02,lw_cc,unconstrained,389,0.10152051853038989,-0.015896139668393955,4.76521985013377,-0.020661359518527725
2016-05-02,lw_cc,long_only,389,0.08929104887099605,0.010928421098207144,0.3424724264655058,0.01058594867174164
2016-06-01,lw,unconstrained,393,0.09799526888383821,0.022405832253335995,3.0895308697655204,0.019316301383570475
2016-06-01,lw,long_only,393,0.1962451205296479,0.005125776038709109,0.36464206752386435,0.004761133971185245
2016-06-01,mp,unconstrained,393,0.11883391871095707,0.0531904321680336,0.7494559965855383,0.05244097617144806
2016-06-01,mp,long_only,393,0.18850918101828207,0.01280611197411681,0.18562876002493525,0.012620483214091874
2016-06-01,lw_cc,unconstrained,393,0.12054715978683257,0.04420959640668072,3.6675260864068884,0.040542070320273835
2016-06-01,lw_cc,long_only,393,0.16994184563360384,0.015335746708438758,0.32035383805553264,0.015015392870383226
2016-07-01,lw,unconstrained,396,0.16695421653686973,-0.020114855918027565,3.7324390286785247,-0.02384729494670609
2016-07-01,lw,long_only,396,0.08103574286475063,0.03286087778777068,0.4393171657365563,0.03242156062203412
2016-07-01,mp,unconstrained,396,0.11479329643959608,-0.020205866463736035,0.7416685556210059,-0.02094753501935704
2016-07-01,mp,long_only,396,0.08948155093925356,0.027148867279004278,0.16675379482887703,0.0269821134841754
2016-07-01,lw_cc,unconstrained,396,0.28877738786013823,-0.02612712500629284,3.996302767019265,-0.030123427773312103
2016-07-01,lw_cc,long_only,396,0.07137254650080156,0.027447542880076833,0.3472474246643299,0.027100295455412503
2016-08-01,lw,unconstrained,399,0.08771400354989307,-0.011632002727699198,3.9656919082216477,-0.015597694635920846
2016-08-01,lw,long_only,399,0.06501204134525425,-0.00335809689820824,0.41472439957952745,-0.0037728212977877675
2016-08-01,mp,unconstrained,399,0.07178569329671494,-0.02899616618665876,0.7264656498703128,-0.029722631836529075
2016-08-01,mp,long_only,399,0.0713274698461088,-0.011581287148661724,0.16163680834594335,-0.011742923957007668
2016-08-01,lw_cc,unconstrained,399,0.12169399066728626,-0.0017658062289069825,4.6813632301316,-0.006447169459038583
2016-08-01,lw_cc,long_only,399,0.05916388126300765,-0.008454744791073845,0.3531469007202884,-0.008807891691794134
2016-09-01,lw,unconstrained,399,0.10366066568763734,-0.011626028891761675,4.862925400684584,-0.01648895429244626
2016-09-01,lw,long_only,399,0.1457788830136136,-0.0023394289898350535,0.5549396352632058,-0.002894368625098259
2016-09-01,mp,unconstrained,399,0.1158802774337598,-0.006413240271034621,1.3676401142439782,-0.007780880385278599
2016-09-01,mp,long_only,399,0.1473137574651891,-0.0023040797693580648,0.30607290670373666,-0.0026101526760618013
2016-09-01,lw_cc,unconstrained,399,0.0963800074615021,-0.026633679143531062,5.531898406509162,-0.03216557755004022
2016-09-01,lw_cc,long_only,399,0.14461681850502794,-0.006068087061033912,0.4894810458053033,-0.006557568106839215
2016-10-03,lw,unconstrained,403,0.09011468299470778,-0.022662120429159605,3.5164825343911827,-0.026178602963550787
2016-10-03,lw,long_only,403,0.07541124558632613,-0.026802264786033998,0.48924285588160843,-0.027291507641915607
2016-10-03,mp,unconstrained,403,0.09500405710791612,-0.005802726426650876,1.1919209510176492,-0.0069946473776685255
2016-10-03,mp,long_only,403,0.07556791104374692,-0.023807709259919804,0.29275766099163003,-0.024100466920911435
2016-10-03,lw_cc,unconstrained,403,0.09933378122328942,-0.034466400885904,4.420565841303167,-0.038886966727207165
2016-10-03,lw_cc,long_only,403,0.07398914122054215,-0.02791721710607457,0.4658873249889305,-0.0283831044310635
2016-11-01,lw,unconstrained,404,0.09098366707970848,0.0369725619845592,3.1023009082764275,0.03387026107628277
2016-11-01,lw,long_only,404,0.09717823915902733,0.05216918039110426,0.4077553735557935,0.05176142501754847
2016-11-01,mp,unconstrained,404,0.09884399430447029,0.05361915625907804,0.8817897770066823,0.052737366482071356
2016-11-01,mp,long_only,404,0.10105111156873764,0.05718661406330596,0.24028888887324745,0.05694632517443272
2016-11-01,lw_cc,unconstrained,404,0.13170554150384886,0.06219900691393533,3.351148831308303,0.058847858082627026
2016-11-01,lw_cc,long_only,404,0.08973874000657397,0.044877737210373976,0.3980098135038359,0.04447972739687014
2016-12-01,lw,unconstrained,405,0.0671283519782551,0.02867113262935202,2.429607677020715,0.026241524952331306
2016-12-01,lw,long_only,405,0.08118862744418966,0.028470979699030865,0.34325756382445666,0.02812772213520641
2016-12-01,mp,unconstrained,405,0.07504487830368414,0.0045505055454029275,1.0731406469790379,0.0034773648984238897
2016-12-01,mp,long_only,405,0.07218551619232622,0.011761801226305407,0.2675339855761696,0.011494267240729238
2016-12-01,lw_cc,unconstrained,405,0.07924411728441025,0.018851705608847087,2.8040006842812817,0.016047704924565805
2016-12-01,lw_cc,long_only,405,0.07513280940137783,0.028507279854952626,0.3467697635666414,0.028160510091385985
2017-01-03,lw,unconstrained,406,0.0996681636592023,0.01774558687906845,2.959681314487753,0.014785905564580697
2017-01-03,lw,long_only,406,0.06396907775726728,0.01389310872627502,0.4244591998149743,0.013468649526460047
2017-01-03,mp,unconstrained,406,0.04404237941467511,-0.012200997147303489,1.0519012285315374,-0.013252898375835025
2017-01-03,mp,long_only,406,0.06157185930135447,0.007442544797033232,0.2757818116273798,0.007166762985405852
2017-01-03,lw_cc,unconstrained,406,0.09380844221114415,0.01384961724504121,3.0511831058437826,0.010798434139197427
2017-01-03,lw_cc,long_only,406,0.05996035376289632,0.00851194150450498,0.3417909991405914,0.008170150505364389
2017-02-01,lw,unconstrained,407,0.07112861169164798,0.05993143758645205,3.1881725395464615,0.05674326504690559
2017-02-01,lw,long_only,407,0.059347421702718034,0.05227910914754137,0.5061597546564489,0.051772949392884925
2017-02-01,mp,unconstrained,407,0.056328962782529406,0.050760601091297125,1.0626785780023789,0.049697922513294746
2017-02-01,mp,long_only,407,0.0655700448260478,0.051627994127048715,0.3350457397602165,0.0512929483872885
2017-02-01,lw_cc,unconstrained,407,0.07468383590477307,0.08098685621930618,3.1384562274403396,0.07784839999186584
2017-02-01,lw_cc,long_only,407,0.053674219805704915,0.056968995328419994,0.4375409577195951,0.056531454370700396
2017-03-01,lw,unconstrained,408,0.07356000017070086,0.015903958695489384,2.981165628303115,0.012922793067186269
2017-03-01,lw,long_only,408,0.06923257430831073,-0.009200524691831333,0.538660047703476,-0.00973918473953481
2017-03-01,mp,unconstrained,408,0.05779401125079288,-0.00519977919431126,1.0034136576278474,-0.0062031928519391075
2017-03-01,mp,long_only,408,0.06469583331149986,-0.012313057683432483,0.30494753683731385,-0.012618005220269797
2017-03-01,lw_cc,unconstrained,408,0.08024603337089475,0.019214967079062152,3.1016467948607573,0.016113320284201395
2017-03-01,lw_cc,long_only,408,0.06273088894541647,-0.006626217543207001,0.4879286828499869,-0.007114146226056988
2017-04-03,lw,unconstrained,411,0.0572098435225769,0.007584514487650774,2.586215775947263,0.00499829871170351
2017-04-03,lw,long_only,411,0.07031589189032121,0.007911437251894703,0.43732936342192397,0.0074741078884727795
2017-04-03,mp,unconstrained,411,0.0727410061503707,0.012435452332749099,0.7488156026141952,0.011686636730134904
2017-04-03,mp,long_only,411,0.07071590981821275,0.007565028187431685,0.19323792347735097,0.0073717902639543345
2017-04-03,lw_cc,unconstrained,411,0.06716728349287825,0.018156509539456297,2.4372308170296124,0.015719278722426684
2017-04-03,lw_cc,long_only,411,0.06640483301735793,0.01224486963935227,0.38450505513139754,0.011860364584220871
2017-05-01,lw,unconstrained,413,0.06273237643642227,0.019020217406429056,2.2770323466966813,0.016743185059732376
2017-05-01,lw,long_only,413,0.07885835705299575,0.019532688482599016,0.4136947206344368,0.01911899376196458
2017-05-01,mp,unconstrained,413,0.060748057721294796,0.02190600748316652,0.6311174959700407,0.02127488998719648
2017-05-01,mp,long_only,413,0.07972449143993032,0.021566250425137243,0.17296571238867853,0.021393284712748564
2017-05-01,lw_cc,unconstrained,413,0.061134564838172076,0.029903779648034447,2.040127967668497,0.02786365168036595
2017-05-01,lw_cc,long_only,413,0.0696783312079535,0.022796546334043336,0.3500085369542285,0.022446537797089106
2017-06-01,lw,unconstrained,413,0.06758131795867985,0.013005202566363061,2.3818273383789106,0.01062337522798415
2017-06-01,lw,long_only,413,0.06788048688768139,0.007932753675850083,0.4428649151966854,0.007489888760653398
2017-06-01,mp,unconstrained,413,0.07009583807893716,-0.009545581706263979,0.8367797232690796,-0.010382361429533058
2017-06-01,mp,long_only,413,0.06975805601971924,0.0017670622924434243,0.24410972523439745,0.0015229525672090269
2017-06-01,lw_cc,unconstrained,413,0.07796762745343892,0.017844039129951035,2.7417039788331223,0.015102335151117913
2017-06-01,lw_cc,long_only,413,0.06377689951848768,0.005634434905805135,0.46927346104353196,0.005165161444761603
2017-07-03,lw,unconstrained,413,0.07299562314451634,-0.015126842698901678,2.352692693270333,-0.01747953539217201
2017-07-03,lw,long_only,413,0.059808576573762144,0.01175009961582179,0.4686787907083859,0.011281420825113403
2017-07-03,mp,unconstrained,413,0.07397362163019575,-0.009860255816141451,1.4593125408828105,-0.011319568357024261
2017-07-03,mp,long_only,413,0.06097470550942478,0.010018720136044169,0.4472411759540891,0.00957147896009008
2017-07-03,lw_cc,unconstrained,413,0.07866763675386824,0.012874816166872466,2.4603837026598576,0.010414432464212609
2017-07-03,lw_cc,long_only,413,0.055447460056387926,0.01810392548908471,0.4333000147681393,0.01767062547431657
2017-08-01,lw,unconstrained,415,0.07127709504467936,0.020006668821339987,1.9054551320052864,0.018101213689334702
2017-08-01,lw,long_only,415,0.08497212081230378,0.00207319193662329,0.3972345649069584,0.0016759573717163316
2017-08-01,mp,unconstrained,415,0.05816766069340559,-0.002498917863235549,0.7498477557585711,-0.00324876561899412
2017-08-01,mp,long_only,415,0.08058063780240357,-0.001085850329893907,0.20894100296753987,-0.001294791332861447
2017-08-01,lw_cc,unconstrained,415,0.06541596416236309,0.023899561415786273,1.9183947809506927,0.02198116663483558
2017-08-01,lw_cc,long_only,415,0.07688494031862837,0.0020475613516491155,0.37861191098630365,0.0016689494406628119
2017-09-01,lw,unconstrained,412,0.051137685967770394,0.011494494110734128,2.2533146036995575,0.00924117950703457
2017-09-01,lw,long_only,412,0.04595502790574636,0.025353937162071797,0.4774416471106309,0.024876495514961166
2017-09-01,mp,unconstrained,412,0.04971491091717105,0.009191148010472524,0.8206201943243816,0.008370527816148141
2017-09-01,mp,long_only,412,0.046086599153317975,0.02481019268072673,0.24826600879761063,0.02456192667192912
2017-09-01,lw_cc,unconstrained,412,0.05363665852281811,0.012607513148977878,1.975924940568047,0.01063158820840983
2017-09-01,lw_cc,long_only,412,0.04593827321033076,0.023372302430354586,0.40259652302185034,0.022969705907332737
2017-10-02,lw,unconstrained,412,0.03688372618858396,-0.006074758235468231,2.1086575220424617,-0.008183415757510693
2017-10-02,lw,long_only,412,0.03808586640746312,0.011428866603584036,0.44110231524979454,0.010987764288334242
2017-10-02,mp,unconstrained,412,0.05734658319059767,-0.0007592113093790687,0.9222513197120261,-0.0016814626290910949
2017-10-02,mp,long_only,412,0.044948296480489786,0.006019082974119469,0.28027727918745193,0.005738805694932018
2017-10-02,lw_cc,unconstrained,412,0.0437159568132348,0.010728568327239375,2.031488198993996,0.008697080128245379
2017-10-02,lw_cc,long_only,412,0.033885650228053524,0.016188129193763896,0.39460088152459094,0.015793528312239305
2017-11-01,lw,unconstrained,413,0.0631861376471261,0.030280428674634565,1.3103796194481725,0.02897004905518639
2017-11-01,lw,long_only,413,0.05820532539329761,0.036288003290936996,0.2867012898367107,0.036001302001100285
2017-11-01,mp,unconstrained,413,0.07639538378996717,0.04074869892691025,0.8173248172689436,0.03993137410964131
2017-11-01,mp,long_only,413,0.05860083149488046,0.038131813615859794,0.26880889351781245,0.037863004722341984
2017-11-01,lw_cc,unconstrained,413,0.0738606561610228,0.02798264093117932,1.4810553152954617,0.02650158561588386
2017-11-01,lw_cc,long_only,413,0.05846812286240316,0.033669039288981746,0.3218069087327741,0.03334723238024897
2017-12-01,lw,unconstrained,413,0.051622579904342186,-0.007038952436147318,1.831407765492055,-0.008870360201639373
2017-12-01,lw,long_only,413,0.05332121434227227,0.012475295976671323,0.44325282922386805,0.012032043147447454
2017-12-01,mp,unconstrained,413,0.05543081397880929,-0.010275564645584144,1.3999853022813924,-0.011675549947865536
2017-12-01,mp,long_only,413,0.05465767366046294,0.011240570205987396,0.4689334774226422,0.010771636728564753
2017-12-01,lw_cc,unconstrained,413,0.04743864923689154,-0.013511670037740935,1.8774891386320605,-0.015389159176372996
2017-12-01,lw_cc,long_only,413,0.04693223977790954,0.006197299557657155,0.4265875974271218,0.005770711960230033
2018-01-02,lw,unconstrained,413,0.07029192432476733,0.01966912726844586,1.6248658220105812,0.01804426144643528
2018-01-02,lw,long_only,413,0.08165110034801275,0.031790804045566376,0.4096417453522423,0.031381162300214135
2018-01-02,mp,unconstrained,413,0.07058108904269722,0.026892084919438005,0.7657799454503533,0.02612630497398765
2018-01-02,mp,long_only,413,0.0763066355637202,0.02795722738954588,0.25074604901337094,0.02770648134053251
2018-01-02,lw_cc,unconstrained,413,0.07541332853288508,0.01636375012345797,1.668738635339952,0.014695011488118017
2018-01-02,lw_cc,long_only,413,0.07906806794184236,0.030196494052780527,0.366564247203783,0.029829929805576746
2018-02-01,lw,unconstrained,414,0.20793536611451433,-0.045608791635629184,1.4670098449017348,-0.04707580148053092
2018-02-01,lw,long_only,414,0.23753885879341663,-0.048182289649735324,0.3847056242063734,-0.0485669952739417
2018-02-01,mp,unconstrained,414,0.2021641239285328,-0.05097502238553023,1.0229998522400008,-0.051998022237770225
2018-02-01,mp,long_only,414,0.2293725594243166,-0.047369484480161386,0.36166619943641604,-0.0477311506795978
2018-02-01,lw_cc,unconstrained,414,0.21479209007084007,-0.06504128445018688,1.717115369176285,-0.06675839981936316
2018-02-01,lw_cc,long_only,414,0.23489196468050777,-0.05588745821903479,0.39914815966803474,-0.05628660637870283
2018-03-01,lw,unconstrained,414,0.08731539950461771,0.011907464682411413,3.870869472673773,0.008036595209737641
2018-03-01,lw,long_only,414,0.16856013379519313,-0.010836872564082396,0.7686053232159215,-0.011605477887298318
2018-03-01,mp,unconstrained,414,0.10717297757894517,0.009593404492644944,2.140135923582164,0.00745326856906278
2018-03-01,mp,long_only,414,0.16127679941435633,-0.008222478272924699,0.6596139511872581,-0.008882092224111956
2018-03-01,lw_cc,unconstrained,414,0.10011222879210785,0.011285784865168397,3.721674781371701,0.007564110083796696
2018-03-01,lw_cc,long_only,414,0.16137233337928206,-0.009585317613831997,0.7543277449640651,-0.010339645358796062
2018-04-02,lw,unconstrained,416,0.10172676500648971,0.03308188714422593,2.487216330223375,0.03059467081400255
2018-04-02,lw,long_only,416,0.12674619623599287,0.02314552380005294,0.3919392810549992,0.02275358451899794
2018-04-02,mp,unconstrained,416,0.08952565227676197,0.04590053815053764,1.3852536267191344,0.044515284523818505
2018-04-02,mp,long_only,416,0.11811081461563845,0.030328541060887882,0.36017721702608607,0.029968363843861798
2018-04-02,lw_cc,unconstrained,416,0.0910342933951003,0.017795117336248827,2.2043176206294683,0.015590799715619358
2018-04-02,lw_cc,long_only,416,0.11906488296963595,0.020996165236477866,0.3234657298782496,0.020672699506599616
2018-05-01,lw,unconstrained,416,0.08254056085324965,-0.035342109632936804,2.602766755655689,-0.037944876388592494
2018-05-01,lw,long_only,416,0.09505928288317113,0.015244318391846113,0.3880818804007634,0.01485623651144535
2018-05-01,mp,unconstrained,416,0.08228055682967785,-0.03320477338821444,0.8082293325246102,-0.03401300272073905
2018-05-01,mp,long_only,416,0.08641858269535774,0.013607797024488683,0.19102336010261617,0.013416773664386067
2018-05-01,lw_cc,unconstrained,416,0.0666481778550062,-0.02505282259608046,2.1169651878505866,-0.02716978778393105
2018-05-01,lw_cc,long_only,416,0.08824088707190599,0.014469209778150426,0.3339068722798938,0.014135302905870532
2018-06-01,lw,unconstrained,417,0.07360357510452407,0.04412187189313167,2.0243865469195095,0.04209748534621216
2018-06-01,lw,long_only,417,0.06847580184644783,0.0053262759152039926,0.301328291399539,0.0050249476238044535
2018-06-01,mp,unconstrained,417,0.0757503030737424,0.04299696637492704,1.1092760953321694,0.041887690279594866
2018-06-01,mp,long_only,417,0.06238486304239283,0.010363869183336594,0.26604769619697693,0.010097821487139617
2018-06-01,lw_cc,unconstrained,417,0.07180667846940578,0.039919235266009545,1.5641928826033755,0.03835504238340617
2018-06-01,lw_cc,long_only,417,0.06274683712465266,0.0066805422242267026,0.2340173258944144,0.006446524898332288
2018-07-02,lw,unconstrained,416,0.08600818559272551,0.049169172283301296,2.770991469498785,0.04639818081380251
2018-07-02,lw,long_only,416,0.06899322860213106,0.0305303242116914,0.41610519535854396,0.030114219016332856
2018-07-02,mp,unconstrained,416,0.08373697667109602,0.020527964526988268,0.8481048871859381,0.01967985963980233
2018-07-02,mp,long_only,416,0.0703873998014131,0.021725155471858767,0.21071088495144402,0.021514444586907322
2018-07-02,lw_cc,unconstrained,416,0.09975058340093503,0.04677400773847557,2.00778408813153,0.04476622365034404
2018-07-02,lw_cc,long_only,416,0.07097649777777724,0.03047740712664042,0.32073321282583545,0.03015667391381458
2018-08-01,lw,unconstrained,417,0.07253040807016348,0.0043675707140929205,2.3421672693112816,0.002025403444781639
2018-08-01,lw,long_only,417,0.06560525090541391,0.022616529757464667,0.3239749342033925,0.022292554823261274
2018-08-01,mp,unconstrained,417,0.06573383936845967,0.024117649267457776,0.8756849045516185,0.023241964362906157
2018-08-01,mp,long_only,417,0.06559849554787701,0.024886091938392717,0.21738118590916222,0.024668710752483555
2018-08-01,lw_cc,unconstrained,417,0.05919428319422267,0.0006871636378843397,2.1669813671531077,-0.0014798177292687682
2018-08-01,lw_cc,long_only,417,0.06268887411708741,0.020881453611164093,0.33515356471911506,0.020546300046444976
2018-09-04,lw,unconstrained,418,0.06880801795908484,0.0014110499517237035,2.4230515479276074,-0.0010120015962039037
2018-09-04,lw,long_only,418,0.05187241220492432,0.0020439262793311838,0.3491316876650728,0.001694794591666111
2018-09-04,mp,unconstrained,418,0.07523395802021637,0.0007325835379274554,0.8042946298040526,-7.171109187659728e-05
2018-09-04,mp,long_only,418,0.050478897054912784,-0.0003411006286254386,0.19870921582560253,-0.0005398098444510411
2018-09-04,lw_cc,unconstrained,418,0.07841327785348474,0.011041727173947066,1.7462408323526826,0.009295486341594383
2018-09-04,lw_cc,long_only,418,0.05357619065635385,0.003986953072803737,0.27227061977441014,0.0037146824530293267
2018-10-01,lw,unconstrained,421,0.11772578217803001,-0.030070449888247162,2.0890099249641763,-0.03215945981321134
2018-10-01,lw,long_only,421,0.18546352151030376,-0.05244983840670739,0.30763286489574626,-0.052757471271603136
2018-10-01,mp,unconstrained,421,0.13275307254748844,-0.010283552594100425,0.749999808733862,-0.011033552402834287
2018-10-01,mp,long_only,421,0.18787470002516968,-0.04798066090750619,0.19018565560999723,-0.04817084656311619
2018-10-01,lw_cc,unconstrained,421,0.11889926395031089,-0.03222890965567566,1.6617384230463061,-0.03389064807872197
2018-10-01,lw_cc,long_only,421,0.17304836642834326,-0.04810638647872166,0.2651597808264522,-0.048371546259548114
2018-11-01,lw,unconstrained,421,0.12152874169773008,0.035456219958101456,3.121350178837017,0.03233486977926444
2018-11-01,lw,long_only,421,0.14365506923525348,0.02931840842846642,0.4473393495692462,0.028871069078897173
2018-11-01,mp,unconstrained,421,0.09311466947470284,0.01890290900912928,1.5256476497446678,0.01737726135938461
2018-11-01,mp,long_only,421,0.1333705646448103,0.025302762676587265,0.394823441732319,0.024907939234854945
2018-11-01,lw_cc,unconstrained,421,0.11321262785986734,0.05058572377891706,2.7822171012418964,0.04780350667767517
2018-11-01,lw_cc,long_only,421,0.1323768047938114,0.035310128398376675,0.4416025819488727,0.034868525816427805
2018-12-03,lw,unconstrained,424,0.15649931792011812,-0.08341247535610938,3.1224997965941936,-0.08653497515270357
2018-12-03,lw,long_only,424,0.2467229094765617,-0.10407243303611512,0.4444168776165006,-0.10451684991373161
2018-12-03,mp,unconstrained,424,0.16885987537674854,-0.08458655952171587,1.0642978476379157,-0.08565085736935378
2018-12-03,mp,long_only,424,0.24252312099760603,-0.10815432560059475,0.27702487986955043,-0.1084313504804643
2018-12-03,lw_cc,unconstrained,424,0.14466832732866436,-0.06731919616315252,3.064385415533671,-0.07038358157868618
2018-12-03,lw_cc,long_only,424,0.2303403597321029,-0.10149143624180325,0.48556097542844256,-0.10197699721723169
2019-01-02,lw,unconstrained,423,0.1525962871470464,0.06877847002686241,4.450172144357494,0.06432829788250491
2019-01-02,lw,long_only,423,0.1490290888510398,0.09167267869115045,0.5085753347465118,0.09116410335640394
2019-01-02,mp,unconstrained,423,0.12151558183613684,0.058571722152042635,1.4628310463544987,0.057108891105688134
2019-01-02,mp,long_only,423,0.15221777721796817,0.08906741027105423,0.3134527176194559,0.08875395755343478
2019-01-02,lw_cc,unconstrained,423,0.14454695920613939,0.04426350166547505,3.3767444863832345,0.040886757179091814
2019-01-02,lw_cc,long_only,423,0.13839484007409306,0.08327655966713231,0.40324634835440387,0.0828733133187779
2019-02-01,lw,unconstrained,423,0.10154033356522808,0.03331957429089284,4.322510803591998,0.028997063487300846
2019-02-01,lw,long_only,423,0.0711794035764209,0.037667045589477796,0.47163887149205114,0.03719540671798575
2019-02-01,mp,unconstrained,423,0.0879752458986265,0.0591748098255014,0.9170704078007568,0.05825773941770064
2019-02-01,mp,long_only,423,0.06606535418480178,0.04534235315016133,0.18549904682440221,0.045156854103336926
2019-02-01,lw_cc,unconstrained,423,0.1121094105009773,0.01778430081168129,3.1403469032856908,0.0146439539083956
2019-02-01,lw_cc,long_only,423,0.06396657583234752,0.036354269658241734,0.35854990770394995,0.03599571975053778
2019-03-01,lw,unconstrained,424,0.0643714714877557,0.021362061046215707,4.741717383699005,0.0166203436625167
2019-03-01,lw,long_only,424,0.11430632947621323,0.019476625731389516,0.5502949103670753,0.01892633082102244
2019-03-01,mp,unconstrained,424,0.05654436082737958,0.0192836997874557,1.360900926513539,0.01792279886094216
2019-03-01,mp,long_only,424,0.10643948911978912,0.015434876283137455,0.3034592612184982,0.015131417021918956
2019-03-01,lw_cc,unconstrained,424,0.06860341665654568,0.021147609258783236,4.4649537676387965,0.01668265549114444
2019-03-01,lw_cc,long_only,424,0.10039391608806023,0.019820099554379002,0.5186479730753384,0.019301451581303662
2019-04-01,lw,unconstrained,424,0.11616457032547034,0.015242642851826343,2.772723783137287,0.012469919068689056
2019-04-01,lw,long_only,424,0.07933772723681777,0.014638387561999859,0.35550831383927556,0.014282879248160584
2019-04-01,mp,unconstrained,424,0.10110476305006903,0.018724381319493322,0.7549251269571826,0.01796945619253614
2019-04-01,mp,long_only,424,0.07611064233584065,0.016729953166455456,0.1744425214200461,0.01655551064503541
2019-04-01,lw_cc,unconstrained,424,0.10606388272770574,0.012396932188161233,2.3022552851702502,0.010094676902990983
2019-04-01,lw_cc,long_only,424,0.0738224730091784,0.014317005468038997,0.3211607070760717,0.013995844760962925
2019-05-01,lw,unconstrained,423,0.08829599390602949,0.025441168298784303,3.8233833884922466,0.021617784910292058
2019-05-01,lw,long_only,423,0.12505788846217097,-0.044240088420845945,0.4871255618680195,-0.04472721398271397
2019-05-01,mp,unconstrained,423,0.06911611791536762,-0.007686495241885593,1.02138013744986,-0.008707875379335452
2019-05-01,mp,long_only,423,0.1125426524978343,-0.04036856983539296,0.2552289615327653,-0.04062379879692573
2019-05-01,lw_cc,unconstrained,423,0.09232836309556235,0.035604733456427645,2.7106070523103325,0.03289412640411731
2019-05-01,lw_cc,long_only,423,0.11376001822433218,-0.03069701409167233,0.3728048715306286,-0.03106981896320296
2019-06-03,lw,unconstrained,424,0.0904312717963953,0.059902103769662665,2.910977224895214,0.05699112654476745
2019-06-03,lw,long_only,424,0.09588443099208938,0.07284500724288703,0.40588762625074576,0.0724391196166363
2019-06-03,mp,unconstrained,424,0.07571575536462999,0.039050518831304615,0.978274918669199,0.03807224391263542
2019-06-03,mp,long_only,424,0.09230485716407388,0.06801719946280098,0.24440676008741258,0.06777279270271357
2019-06-03,lw_cc,unconstrained,424,0.10360944231794522,0.06219495276683917,2.568290786302191,0.05962666198053698
2019-06-03,lw_cc,long_only,424,0.09072785337958057,0.06538508282883654,0.3576620962759741,0.06502742073256057
2019-07-01,lw,unconstrained,425,0.09048229803807838,0.04131879467885117,3.205158258604872,0.038113636420246295
2019-07-01,lw,long_only,425,0.0831593889431408,-0.0003449039501013506,0.46899056627915253,-0.0008138945163805031
2019-07-01,mp,unconstrained,425,0.08212308644099511,0.05192127364414163,1.101472344647739,0.05081980129949389
2019-07-01,mp,long_only,425,0.080308947438685,0.001572558927842499,0.2957062394221363,0.0012768526884203626
2019-07-01,lw_cc,unconstrained,425,0.10318206973118886,0.03275850741852231,2.8250780506473903,0.029933429367874922
2019-07-01,lw_cc,long_only,425,0.0742047714136728,0.002263153449574005,0.4079965792140423,0.0018551568703599629
2019-08-01,lw,unconstrained,426,0.15477953046799206,0.07905914021059533,3.523533421570135,0.0755356067890252
2019-08-01,lw,long_only,426,0.20862554001728745,-0.009999615507003864,0.4801699571327642,-0.010479785464136629
2019-08-01,mp,unconstrained,426,0.15272730402110643,0.05298317812153619,0.6408416190515814,0.052342336502484606
2019-08-01,mp,long_only,426,0.2008515739182545,-0.009182244116616702,0.16167484356232004,-0.009343918960179021
2019-08-01,lw_cc,unconstrained,426,0.15680433065457514,0.07620615881857286,2.479491403453867,0.07372666741511899
2019-08-01,lw_cc,long_only,426,0.19500038836557418,-0.0022174183925021524,0.34382320793403526,-0.0025612416004361874
2019-09-03,lw,unconstrained,429,0.10150115940275181,-0.003014916560692394,4.367028547203505,-0.007381945107895899
2019-09-03,lw,long_only,429,0.09517663484090297,0.020258559271326578,0.5494977686830667,0.01970906150264351
2019-09-03,mp,unconstrained,429,0.09942726535200176,0.00584245240741794,1.0652339700891866,0.004777218437328754
2019-09-03,mp,long_only,429,0.08993312194479579,0.02239163464647881,0.24654405164999368,0.022145090594828814
2019-09-03,lw_cc,unconstrained,429,0.11493186348501833,0.0008331437496897545,3.7959433823936783,-0.002962799632703924
2019-09-03,lw_cc,long_only,429,0.08208812836691376,0.017498031932500692,0.4448562641673338,0.017053175668333358
2019-10-01,lw,unconstrained,430,0.09632863757971853,0.021546080588770593,3.4116862088678834,0.01813439437990271
2019-10-01,lw,long_only,430,0.11898063908019837,0.03801940534826727,0.3895833092185882,0.03762982203904868
2019-10-01,mp,unconstrained,430,0.08590268272189337,-0.0030743723345429746,0.738518076062442,-0.0038128904106054166
2019-10-01,mp,long_only,430,0.11410262293903019,0.034993076989257105,0.17217605269089667,0.03482090093656621
2019-10-01,lw_cc,unconstrained,430,0.0901406508184173,-0.02982081659084757,3.0035852740671123,-0.032824401864914685
2019-10-01,lw_cc,long_only,430,0.10816274215350812,0.023216630756027694,0.3456667635551361,0.022870963992472557
2019-11-01,lw,unconstrained,431,0.08168726112249833,-0.012243125065574961,3.8048668114380515,-0.016047991877013012
2019-11-01,lw,long_only,431,0.05790359652405262,0.00546540316246644,0.5132015063389523,0.004952201656127488
2019-11-01,mp,unconstrained,431,0.06757915426506807,0.0009463311822972614,1.5063743580954245,-0.0005600431757981632
2019-11-01,mp,long_only,431,0.0566201195004947,0.008517701364033224,0.3690034630480652,0.00814869790098516
2019-11-01,lw_cc,unconstrained,431,0.0910022943014512,-0.021824140012605027,3.609280483996293,-0.02543342049660132
2019-11-01,lw_cc,long_only,431,0.05788772992463019,-0.00041951824533216584,0.4466158152634562,-0.000866134060595622
2019-12-02,lw,unconstrained,432,0.07655568962147428,0.009707835668999512,2.2947790281936316,0.00741305664080588
2019-12-02,lw,long_only,432,0.061409629692674675,0.037729106330373297,0.2874178653142284,0.03744168846505907
2019-12-02,mp,unconstrained,432,0.06703819598075524,0.009370403621873457,1.0223699575616123,0.008348033664311845
2019-12-02,mp,long_only,432,0.0599543664024308,0.03815818283254482,0.25023054765893177,0.03790795228488589
2019-12-02,lw_cc,unconstrained,432,0.06389363686730926,0.0030370415488686167,2.2907485984557425,0.0007462929504128742
2019-12-02,lw_cc,long_only,432,0.053262585357530985,0.030673273908825387,0.34245058403760564,0.030330823324787783
2020-01-02,lw,unconstrained,435,0.08210168626019192,0.012153432261879454,4.584586397175261,0.007568845864704193
2020-01-02,lw,long_only,435,0.09758077382552992,-0.010635785380298562,0.6103221408023942,-0.011246107521100956
2020-01-02,mp,unconstrained,435,0.07168247027976542,0.013703855421480905,1.4887081229654204,0.012215147298515484
2020-01-02,mp,long_only,435,0.09806640741489428,-0.006709605025268098,0.3940763474434288,-0.007103681372711527
2020-01-02,lw_cc,unconstrained,435,0.10199358652521233,0.005463062748601703,4.044240537759727,0.001418822210841976
2020-01-02,lw_cc,long_only,435,0.08957062861054896,-0.0026939890993156954,0.5659125015654669,-0.0032599016008811625
2020-02-03,lw,unconstrained,436,0.2442104742273398,-0.07313405987137933,3.010937483186799,-0.07614499735456613
2020-02-03,lw,long_only,436,0.27091946288245355,-0.06528000669854966,0.4464424979903758,-0.06572644919654004
2020-02-03,mp,unconstrained,436,0.2669977655995619,-0.03895605180034138,0.9568391405704673,-0.03991289094091185
2020-02-03,mp,long_only,436,0.27191035101091887,-0.05965530692907955,0.288640124527214,-0.05994394705360676
2020-02-03,lw_cc,unconstrained,436,0.2648153205276017,-0.06879939741580693,2.925276685807859,-0.07172467410161479
2020-02-03,lw_cc,long_only,436,0.2729629520487172,-0.06347680224514186,0.46190046462853457,-0.0639387027097704
2020-03-02,lw,unconstrained,436,0.6750609068043312,-0.28142457173154484,4.386643994520288,-0.2858112157260651
2020-03-02,lw,long_only,436,0.9689931732065629,-0.2585581621589443,0.5790212370325291,-0.2591371833959768
2020-03-02,mp,unconstrained,436,0.6240585544430638,-0.16666592130743538,2.5724251833459415,-0.16923834649078132
2020-03-02,mp,long_only,436,0.9239085370485516,-0.22583556602051313,0.6328737755863463,-0.22646843979609949
2020-03-02,lw_cc,unconstrained,436,0.5731948191248968,-0.21698216897568326,4.808558975804946,-0.22179072795148821
2020-03-02,lw_cc,long_only,436,0.9382930163585025,-0.23311783723294302,0.6174726877624898,-0.23373530992070551
2020-04-01,lw,unconstrained,440,0.22849950650308704,0.07948122384898496,5.301982787068879,0.07417924106191608
2020-04-01,lw,long_only,440,0.42259091424890405,0.14882061381505118,0.8044218973208693,0.14801619191773033
2020-04-01,mp,unconstrained,440,0.24494144682638502,0.09566743801730748,3.9150486389968564,0.09175238937831062
2020-04-01,mp,long_only,440,0.39318536604598403,0.15539127524893126,0.9446310215859707,0.15444664422734528
2020-04-01,lw_cc,unconstrained,440,0.2533613693000498,0.04342323087111762,6.868239496971997,0.036554991374145626
2020-04-01,lw_cc,long_only,440,0.3810248751334251,0.1359716328383442,0.9876827741238507,0.13498395006422037
2020-05-01,lw,unconstrained,441,0.2037981024814208,0.05748915499711135,2.4502185493432767,0.055038936447768076
2020-05-01,lw,long_only,441,0.31349823870093335,0.09701604109447644,0.3651829998753983,0.09665085809460104
2020-05-01,mp,unconstrained,441,0.16492838723294828,0.057587189520132955,0.9547356868833111,0.05663245383324964
2020-05-01,mp,long_only,441,0.2590412031675586,0.09400937051465708,0.22722069823623003,0.09378214981642084
2020-05-01,lw_cc,unconstrained,441,0.19665919173158194,0.05849795200084579,1.8722987851832462,0.05662565321566254
2020-05-01,lw_cc,long_only,441,0.26655110924705216,0.08769333057554386,0.2916393501349233,0.08740169122540895
2020-06-01,lw,unconstrained,443,0.09824820289178048,-0.02103186403049,2.7713468114285633,-0.023803210841918564
2020-06-01,lw,long_only,443,0.3284415474582674,0.0067364200648733635,0.4327539660080868,0.0063036660988652765
2020-06-01,mp,unconstrained,443,0.1602371797127499,-0.026149437325806178,0.44910493837614096,-0.026598542264182318
2020-06-01,mp,long_only,443,0.30070785976495684,0.005852743202671098,0.10726979185950539,0.005745473410811593
2020-06-01,lw_cc,unconstrained,443,0.14459525965031594,-0.04701350312614412,1.7440430210201536,-0.04875754614716427
2020-06-01,lw_cc,long_only,443,0.28304267464884086,0.0024132170447965047,0.2598048588127021,0.0021534121859838025
2020-07-01,lw,unconstrained,445,0.14692748958412058,0.025154253550674636,1.9640622269262087,0.023190191323748426
2020-07-01,lw,long_only,445,0.1526916234418576,0.04997596765997242,0.2894696728898609,0.04968649798708256
2020-07-01,mp,unconstrained,445,0.14805339382729385,0.04497330730927196,0.2803205441739134,0.044692986765098044
2020-07-01,mp,long_only,445,0.15160964424746057,0.05393434026867334,0.06718145449180457,0.05386715881418153
2020-07-01,lw_cc,unconstrained,445,0.16323995400806923,0.044394434466643075,1.5187632618180218,0.04287567120482505
2020-07-01,lw_cc,long_only,445,0.13115254876920626,0.05360931674529883,0.22904675469634772,0.053380269990602476
2020-08-03,lw,unconstrained,445,0.17708199408743067,0.02133804069465531,2.5359014597053817,0.01880213923494993
2020-08-03,lw,long_only,445,0.0910930765487588,0.04612661997822451,0.3534237917007969,0.045773196186523715
2020-08-03,mp,unconstrained,445,0.12118421743231865,0.059833241273910306,0.18396933254353723,0.059649271941366766
2020-08-03,mp,long_only,445,0.08337176036319019,0.04747677590279886,0.04201853621156616,0.047434757366587296
2020-08-03,lw_cc,unconstrained,445,0.17926860297043193,0.053876285199798965,1.729661362984509,0.052146623836814454
2020-08-03,lw_cc,long_only,445,0.06852684340180162,0.048096497131027385,0.2534115169384729,0.04784308561408891
2020-09-01,lw,unconstrained,445,0.12957996642251673,-0.03484390148124271,2.870554972598179,-0.03771445645384089
2020-09-01,lw,long_only,445,0.20430828125180295,-0.02189370627612381,0.4017428149922798,-0.02229544909111609
2020-09-01,mp,unconstrained,445,0.14771432528868347,-0.026982109026684395,0.256244041197295,-0.02723835306788169
2020-09-01,mp,long_only,445,0.19997553590252265,-0.025107787057290977,0.05810769667712881,-0.025165894753968104
2020-09-01,lw_cc,unconstrained,445,0.150779343708418,-0.03280827210536825,1.8033295408967438,-0.03461160164626499
2020-09-01,lw_cc,long_only,445,0.1948813108750905,-0.022043789898788475,0.24487644093350014,-0.022288666339721975
2020-10-01,lw,unconstrained,445,0.17594562047525258,-0.02957703717494015,2.7277560237781895,-0.03230479319871834
2020-10-01,lw,long_only,445,0.20239606297523802,0.011247913478178951,0.3844674265833198,0.010863446051595631
2020-10-01,mp,unconstrained,445,0.14221575627739558,-0.050330206002725475,0.35822280263786027,-0.05068842880536333
2020-10-01,mp,long_only,445,0.19171146664601194,0.0015349294042033904,0.08054166457121377,0.0014543877396321766
2020-10-01,lw_cc,unconstrained,445,0.16536083095312576,-0.035985864518665395,1.8650648042127278,-0.037850929322878125
2020-10-01,lw_cc,long_only,445,0.1841101671110448,0.0045831704075726554,0.24659401835402112,0.004336576389218635
2020-11-02,lw,unconstrained,446,0.16441298472954366,0.002595348002834237,3.011073846376034,-0.0004157258435417968
2020-11-02,lw,long_only,446,0.21479210204467172,0.11377434140832077,0.39224336640585467,0.11338209804191492
2020-11-02,mp,unconstrained,446,0.18172678906982495,0.020316172118628167,0.21725742374196066,0.020098914694886207
2020-11-02,mp,long_only,446,0.1813209109677934,0.1084647741159386,0.04739609538062389,0.10841737802055798
2020-11-02,lw_cc,unconstrained,446,0.18362112142568698,-0.0034731783231341964,1.822635286462577,-0.005295813609596773
2020-11-02,lw_cc,long_only,446,0.16370380323369277,0.09497033210430954,0.23045578532853633,0.094739876318981
2020-12-01,lw,unconstrained,447,0.1266516466249239,0.026124118781110726,2.277163671259229,0.0238469551098515
2020-12-01,lw,long_only,447,0.11470931400234749,0.013291982854643874,0.28845547622696244,0.013003527378416911
2020-12-01,mp,unconstrained,447,0.11388177648148541,-0.01768088111578348,0.46392256544418065,-0.01814480368122766
2020-12-01,mp,long_only,447,0.10116232985689613,0.007664387103072438,0.10735944762323618,0.007557027655449202
2020-12-01,lw_cc,unconstrained,447,0.1331208418484403,-0.00659706473458645,2.0547313940681207,-0.008651796128654571
2020-12-01,lw_cc,long_only,447,0.1013626034640175,0.006202252349856956,0.22613828926655372,0.005976114060590402
2021-01-04,lw,unconstrained,447,0.13205607914268913,-0.007965288276623829,2.1675751102519314,-0.01013286338687576
2021-01-04,lw,long_only,447,0.15562761148598495,0.013982044487503032,0.25113607190952936,0.013730908415593502
2021-01-04,mp,unconstrained,447,0.15475497373143574,-0.0019194943728802248,0.30267749690756607,-0.002222171869787791
2021-01-04,mp,long_only,447,0.14217862258198455,0.018447213564077223,0.06353401702592096,0.018383679547051304
2021-01-04,lw_cc,unconstrained,447,0.14529948658826775,-0.055890458896495215,1.442343478335918,-0.057332802374831134
2021-01-04,lw_cc,long_only,447,0.13551266078002336,0.006595783085209698,0.16357619104984916,0.006432206894159849
2021-02-01,lw,unconstrained,449,0.11216284276780372,-0.003617291520317055,2.2597486836177367,-0.005877040203934792
2021-02-01,lw,long_only,449,0.13283021325925035,0.05977290887168413,0.27427618901178386,0.059498632682672345
2021-02-01,mp,unconstrained,449,0.1740555568257183,-0.0209871234237132,0.24885129357204833,-0.02123597471728525
2021-02-01,mp,long_only,449,0.12662764246603941,0.050086385748358365,0.05782496834594967,0.050028560780012415
2021-02-01,lw_cc,unconstrained,449,0.16728644906867224,-0.01941844505157045,1.5502729400905768,-0.020968717991661025
2021-02-01,lw_cc,long_only,449,0.1176728300777371,0.0389966717585183,0.18958907514485346,0.03880708268337345
2021-03-01,lw,unconstrained,449,0.15973845654674212,0.03329572923839823,2.001650466973696,0.03129407877142453
2021-03-01,lw,long_only,449,0.14504389119857236,0.05114921941127411,0.2527824938625263,0.05089643691741158
2021-03-01,mp,unconstrained,449,0.18967921152775857,0.056829080382421765,0.5146970599421374,0.05631438332247963
2021-03-01,mp,long_only,449,0.13860694824658537,0.05179390842206285,0.10000232502013738,0.05169390609704271
2021-03-01,lw_cc,unconstrained,449,0.168844673806769,0.042418097692722555,2.20842735774964,0.04020967033497291
2021-03-01,lw_cc,long_only,449,0.1300033210852456,0.05100279840408488,0.26716637284567335,0.05073563203123921
2021-04-01,lw,unconstrained,452,0.09934680538283744,0.057074516697518056,6.050923017827938,0.051023593679690116
2021-04-01,lw,long_only,452,0.08152327951497045,0.04743667021049132,0.7335631415624437,0.04670310706892888
2021-04-01,mp,unconstrained,452,0.07442969526894917,0.03387207132637113,3.1361292995627035,0.030735942026808426
2021-04-01,mp,long_only,452,0.08204651462776978,0.037424459777158706,0.7279152434763588,0.036696544533682346
2021-04-01,lw_cc,unconstrained,452,0.11653968502246972,0.04165380121424984,8.064200397786442,0.033589600816463394
2021-04-01,lw_cc,long_only,452,0.07934192830277656,0.04470497390648759,0.7886229342662584,0.04391635097222133
2021-05-03,lw,unconstrained,453,0.10409388502186918,-0.0052306814126130185,4.176634503222603,-0.009407315915835622
2021-05-03,lw,long_only,453,0.13574846764121734,0.014653824682060546,0.5533183238349006,0.014100506358225646
2021-05-03,mp,unconstrained,453,0.08044683133024186,-0.00804151080968329,2.0001088694368736,-0.010041619679120163
2021-05-03,mp,long_only,453,0.11980414471936386,0.010613322417509657,0.5099888451749194,0.010103333572334738
2021-05-03,lw_cc,unconstrained,453,0.12411863456860531,-0.01990542667673595,5.570600494700937,-0.025476027171436884
2021-05-03,lw_cc,long_only,453,0.12612535245132445,0.00928772274581078,0.49123226469792813,0.008796490481112852
2021-06-01,lw,unconstrained,454,0.09747512284673046,0.004298760380159861,3.1987905986263616,0.001099969781533499
2021-06-01,lw,long_only,454,0.10158153903146153,0.004940092010911426,0.43491738809875247,0.004505174622812674
2021-06-01,mp,unconstrained,454,0.09034964360782585,0.017549652193821687,1.046966101167957,0.01650268609265373
2021-06-01,mp,long_only,454,0.09417476191050622,0.011545376810556562,0.24982694622191515,0.011295549864334647
2021-06-01,lw_cc,unconstrained,454,0.12602539008646949,0.0026659310729222887,3.9637767873003478,-0.001297845714378059
2021-06-01,lw_cc,long_only,454,0.0967752371829452,0.007635363130460951,0.4306326418550933,0.0072047304886058575
2021-07-01,lw,unconstrained,454,0.08237444942493072,0.025955202170350897,3.424371875237374,0.022530830295113522
2021-07-01,lw,long_only,454,0.12205649984749457,0.009902332598553795,0.49648300347948726,0.009405849595074308
2021-07-01,mp,unconstrained,454,0.07644357491889163,0.007092042753128643,1.3764608902728674,0.0057155818628557755
2021-07-01,mp,long_only,454,0.11078711078449857,0.005909724551712312,0.35372438445263266,0.005556000167259679
2021-07-01,lw_cc,unconstrained,454,0.10038243666552969,0.060253948634673746,3.9173817054576765,0.05633656692921607
2021-07-01,lw_cc,long_only,454,0.109420537807689,0.019159621810301394,0.44978084197462276,0.01870984096832677
2021-08-02,lw,unconstrained,455,0.09906881297332125,0.02845842494815204,2.4055902227244434,0.026052834725427597
2021-08-02,lw,long_only,455,0.08555574150649883,0.023900005306370955,0.3727428651645288,0.023527262441206426
2021-08-02,mp,unconstrained,455,0.09131734532881275,0.028445870571050677,0.7226901541706119,0.027723180416880065
2021-08-02,mp,long_only,455,0.08368347586439528,0.027358995145831396,0.18714601838632883,0.027171849127445066
2021-08-02,lw_cc,unconstrained,455,0.1081485056056835,0.0375709635597047,2.8590991664271854,0.03471186439327751
2021-08-02,lw_cc,long_only,455,0.07263150274640713,0.022357453790536476,0.3363910630089675,0.022021062727527508
2021-09-01,lw,unconstrained,457,0.10277655958694754,-0.04650358344748905,2.546131290623082,-0.04904971473811213
2021-09-01,lw,long_only,457,0.12598989132685753,-0.033870203121296155,0.40137697278440776,-0.034271580094080566
2021-09-01,mp,unconstrained,457,0.10120086330961184,-0.014335213334031144,0.6376515957002821,-0.014972864929731426
2021-09-01,mp,long_only,457,0.12133766925961438,-0.027201442729734012,0.15603222763092378,-0.027357474957364937
2021-09-01,lw_cc,unconstrained,457,0.10964835571017867,-0.051015570173589625,2.682883274882234,-0.05369845344847186
2021-09-01,lw_cc,long_only,457,0.11942582322056587,-0.03850737472358747,0.3317662029070441,-0.038839140926494514
2021-10-01,lw,unconstrained,456,0.06729428478561915,0.024013327250537238,3.319612684992417,0.02069371456554482
2021-10-01,lw,long_only,456,0.09372342684292542,0.043031166449292765,0.5524832902190076,0.04247868315907376
2021-10-01,mp,unconstrained,456,0.06900084856260465,0.031405494876841175,1.2617725661164285,0.030143722310724746
2021-10-01,mp,long_only,456,0.08319481779394608,0.04225513969885311,0.309007740078847,0.041946131958774266
2021-10-01,lw_cc,unconstrained,456,0.07056904229897858,0.010062976054993646,3.586528098770253,0.006476447956223394
2021-10-01,lw_cc,long_only,456,0.09223270091800033,0.04143289704082691,0.4659082367517644,0.04096698880407514
2021-11-01,lw,unconstrained,456,0.10267163680345118,-0.015862092185987973,2.524871933735496,-0.01838696411972347
2021-11-01,lw,long_only,456,0.13396037466886263,-0.03708290992193297,0.4242714566829407,-0.03750718137861591
2021-11-01,mp,unconstrained,456,0.11042090390289239,-0.0593895133812498,1.0027262013497882,-0.06039223958259959
2021-11-01,mp,long_only,456,0.12620916187715867,-0.048113242490319924,0.24243666053517116,-0.0483556791508551
2021-11-01,lw_cc,unconstrained,456,0.12069607878727573,-0.0013799951295568064,3.0076225297789034,-0.00438761765933571
2021-11-01,lw_cc,long_only,456,0.12476723200192084,-0.028277419771137725,0.378492231651119,-0.028655912002788844
2021-12-01,lw,unconstrained,456,0.08961944921048426,0.06697628293957437,3.006554114514395,0.06396972882505998
2021-12-01,lw,long_only,456,0.1392575867052619,0.07773732979647625,0.4568488564755524,0.0772804809400007
2021-12-01,mp,unconstrained,456,0.09123678739569482,0.0744383497042076,1.5485090328010411,0.07288984067140655
2021-12-01,mp,long_only,456,0.11772584135296771,0.07632078433695626,0.40959818309124296,0.07591118615386501
2021-12-01,lw_cc,unconstrained,456,0.10625463879054942,0.0765048315035644,3.9336780322487077,0.07257115347131568
2021-12-01,lw_cc,long_only,456,0.12260622383768215,0.08164573415874905,0.4586662692775735,0.08118706788947148
2022-01-03,lw,unconstrained,457,0.1345296176176131,-0.01076168513013889,3.195372838786664,-0.013957057968925553
2022-01-03,lw,long_only,457,0.15055561261257774,-0.039121866013137045,0.4848176924369699,-0.03960668370557401
2022-01-03,mp,unconstrained,457,0.10714384541344478,-0.014446748160856279,0.973072075723203,-0.01541982023657948
2022-01-03,mp,long_only,457,0.13825750347861265,-0.03866907514905146,0.262028618386681,-0.03893110376743814
2022-01-03,lw_cc,unconstrained,457,0.11157293554672947,0.01625925881236841,3.900811538658827,0.012358447273709584
2022-01-03,lw_cc,long_only,457,0.12855370361225787,-0.03231489676106039,0.47521338111140754,-0.0327901101421718
2022-02-01,lw,unconstrained,458,0.1583463532614863,-0.03484629034823467,3.3273866562508116,-0.038173677004485485
2022-02-01,lw,long_only,458,0.20486089543449804,-0.02977985654931698,0.48252495141884616,-0.030262381500735826
2022-02-01,mp,unconstrained,458,0.14427412100643233,-0.019419478613071833,1.2746198924215626,-0.020694098505493395
2022-02-01,mp,long_only,458,0.19924993435185132,-0.028548054220251196,0.32345119801969613,-0.028871505418270892
2022-02-01,lw_cc,unconstrained,458,0.14968488059601165,-0.025937464542475988,3.452391175491231,-0.02938985571796722
2022-02-01,lw_cc,long_only,458,0.18452370486325065,-0.030287222052408233,0.444669401142324,-0.030731891453550556
2022-03-01,lw,unconstrained,459,0.17375941806735806,0.009006109193918116,3.6877407667221984,0.005318368427195918
2022-03-01,lw,long_only,459,0.20082810482481905,0.04811852164402631,0.5465325331040429,0.047571989110922266
2022-03-01,mp,unconstrained,459,0.14754503012559814,0.04816874337219168,1.5322054595634116,0.04663653791262827
2022-03-01,mp,long_only,459,0.19168974613950254,0.04775859765765844,0.3884247312002829,0.047370172926458155
2022-03-01,lw_cc,unconstrained,459,0.19181127432789427,-0.006484984805965224,4.150153371283114,-0.010635138177248338
2022-03-01,lw_cc,long_only,459,0.17971423937777653,0.048981754169786826,0.5223191120107916,0.048459435057776036
2022-04-01,lw,unconstrained,460,0.15829295434047722,-0.050020415079306026,3.911793773124273,-0.0539322088524303
2022-04-01,lw,long_only,460,0.20058055599498234,-0.06166788004608152,0.514884661418489,-0.06218276470750001
2022-04-01,mp,unconstrained,460,0.16350947232874433,-0.0038470464032527626,1.5447840398430275,-0.00539183044309579
2022-04-01,mp,long_only,460,0.1934205311482527,-0.05242804662683211,0.3656299761178826,-0.05279367660294999
2022-04-01,lw_cc,unconstrained,460,0.15071284590583325,-0.03794251275611977,4.528436218377113,-0.04247094897449688
2022-04-01,lw_cc,long_only,460,0.18904948172827338,-0.058720830335448206,0.5008881947669943,-0.0592217185302152
2022-05-02,lw,unconstrained,462,0.20281190913193684,0.03261612309739009,3.769228528077211,0.028846894569312883
2022-05-02,lw,long_only,462,0.2756385311358206,0.008351884225536468,0.489922213760825,0.007861962011775643
2022-05-02,mp,unconstrained,462,0.18384620299843327,0.025753691094538338,1.5248829172449976,0.02422880817729334
2022-05-02,mp,long_only,462,0.27156293820654875,0.0076032887686688505,0.3779123354862266,0.007225376433182624
2022-05-02,lw_cc,unconstrained,462,0.19289798620896315,0.022482195423601234,3.924860137814983,0.01855733528578625
2022-05-02,lw_cc,long_only,462,0.2447446240243106,0.00995094464807621,0.4492417794225313,0.00950170286865368
2022-06-01,lw,unconstrained,464,0.1460465224723059,-0.04300117938901311,4.619988630469134,-0.04762116801948224
2022-06-01,lw,long_only,464,0.27612695609379806,-0.06792174145448339,0.5816051744198297,-0.06850334662890321
2022-06-01,mp,unconstrained,464,0.1662955957580982,-0.01754300789199331,1.6988927728300833,-0.01924190066482339
2022-06-01,mp,long_only,464,0.2651967871839303,-0.06084072876610584,0.4107289911046699,-0.06125145775721051
2022-06-01,lw_cc,unconstrained,464,0.11898039936057647,-0.0308716927951583,4.725520007138904,-0.035597212802297204
2022-06-01,lw_cc,long_only,464,0.24983298475444066,-0.05709529407922111,0.4876797652115057,-0.05758297384443261
2022-07-01,lw,unconstrained,466,0.11177734777037884,0.04190853618874003,4.19210021803371,0.037716435970706313
2022-07-01,lw,long_only,466,0.16329231004796,0.06558919901627673,0.512066987116853,0.06507713202915988
2022-07-01,mp,unconstrained,466,0.0991633500781362,-0.0018346850698452394,1.6842858862133157,-0.003518970956058555
2022-07-01,mp,long_only,466,0.14915487632751617,0.05413493291534757,0.42363295047340743,0.053711299964874164
2022-07-01,lw_cc,unconstrained,466,0.12994012939929556,0.047997278122720574,4.133261881051043,0.04386401624166953
2022-07-01,lw_cc,long_only,466,0.14453206165424892,0.054337463903593244,0.43584896759762526,0.05390161493599562
2022-08-01,lw,unconstrained,466,0.1473623151932628,-0.010512875762910493,3.4827736457406435,-0.013995649408651136
2022-08-01,lw,long_only,466,0.16907305622889762,-0.024379317239142235,0.36913175834790946,-0.024748448997490145
2022-08-01,mp,unconstrained,466,0.1286685563203746,-0.015387790787457552,0.8472056842460121,-0.016234996471703563
2022-08-01,mp,long_only,466,0.16341001731832797,-0.02542728698388336,0.1884512705591081,-0.02561573825444247
2022-08-01,lw_cc,unconstrained,466,0.1403075617055416,-0.004806089345821419,3.5008252125018497,-0.008306914558323268
2022-08-01,lw_cc,long_only,466,0.15714069279091583,-0.02090014895817687,0.3250872204361329,-0.021225236178613004
2022-09-01,lw,unconstrained,466,0.17583188066791164,-0.07830577941486726,5.029009322125924,-0.08333478873699318
2022-09-01,lw,long_only,466,0.2530023524336781,-0.0661510717831584,0.5433470386592383,-0.06669441882181765
2022-09-01,mp,unconstrained,466,0.1899994836412086,-0.0513751854063133,0.8022752490074103,-0.05217746065532071
2022-09-01,mp,long_only,466,0.247507096241661,-0.06158833999924525,0.17960084587194203,-0.06176794084511719
2022-09-01,lw_cc,unconstrained,466,0.15153505767015482,-0.07547646257247739,4.0589003589767545,-0.07953536293145415
2022-09-01,lw_cc,long_only,466,0.2354360152819617,-0.0636220834594529,0.41592468130980675,-0.06403800814076271
2022-10-03,lw,unconstrained,468,0.15360673409451037,0.05619435440898642,5.49702517807912,0.050697329230907306
2022-10-03,lw,long_only,468,0.23320813844681937,0.06792678233651983,0.5550183228509267,0.0673717640136689
2022-10-03,mp,unconstrained,468,0.1673184881926024,0.05016179332925259,1.4005422081548622,0.04876125112109773
2022-10-03,mp,long_only,468,0.22126931580014414,0.07187103145327697,0.30365081337467986,0.0715673806399023
2022-10-03,lw_cc,unconstrained,468,0.17603840543603644,0.06432442538315475,4.205149152322106,0.060119276230832644
2022-10-03,lw_cc,long_only,468,0.2305550332581557,0.06744077788539857,0.41269407336113645,0.06702808381203743
2022-11-01,lw,unconstrained,470,0.19007680366556107,0.10194298403071662,4.52038499771086,0.09742259903300576
2022-11-01,lw,long_only,470,0.22927237860761274,0.0706393197001641,0.44381462620515555,0.07019550507395894
2022-11-01,mp,unconstrained,470,0.19924525174613933,0.04252989851649062,1.0977155199880109,0.04143218299650261
2022-11-01,mp,long_only,470,0.19967930495754788,0.061718083270795275,0.22583210493180128,0.061492251165863474
2022-11-01,lw_cc,unconstrained,470,0.2019540963548694,0.10105272020848662,4.350497443472932,0.09670222276501368
2022-11-01,lw_cc,long_only,470,0.20782767044590683,0.0660485681534828,0.433150565297492,0.0656154175881853
2022-12-01,lw,unconstrained,471,0.12687915776789094,-0.0794304905663586,4.95665798167694,-0.08438714854803554
2022-12-01,lw,long_only,471,0.15690812617440555,-0.05166346750769648,0.49324330808768874,-0.05215671081578417
2022-12-01,mp,unconstrained,471,0.1274293170495161,0.0017865939029570702,1.529077601086406,0.00025751630187066405
2022-12-01,mp,long_only,471,0.15461018022046127,-0.04150349002557418,0.3068169520190233,-0.0418103069775932
2022-12-01,lw_cc,unconstrained,471,0.10826166494745419,-0.06271183961210415,4.266208492884088,-0.06697804810498824
2022-12-01,lw_cc,long_only,471,0.1485690683170501,-0.04546227810546007,0.4174051160022392,-0.04587968322146231
2023-01-03,lw,unconstrained,473,0.18706355856143814,-0.0017596467816732055,5.505943837875368,-0.007265590619548573
2023-01-03,lw,long_only,473,0.1498488321287264,0.0714788209305607,0.5551089689646084,0.0709237119615961
2023-01-03,mp,unconstrained,473,0.11739944506779082,-0.020523176668342743,0.850569753116194,-0.021373746421458936
2023-01-03,mp,long_only,473,0.14496112812775833,0.06770056748053728,0.17463153824771876,0.06752593594228956
2023-01-03,lw_cc,unconstrained,473,0.19290849374346739,-0.06549069599507142,4.357846962210097,-0.06984854295728152
2023-01-03,lw_cc,long_only,473,0.14716246653609164,0.05231222427458051,0.4275690777654122,0.051884655196815094
2023-02-01,lw,unconstrained,473,0.0929944586634637,-0.002956793770037238,4.526466184189934,-0.007483259954227172
2023-02-01,lw,long_only,473,0.11483704712735698,-0.041711905082416664,0.4330253726072342,-0.0421449304550239
2023-02-01,mp,unconstrained,473,0.13506728383807293,-0.04202028664179892,0.6820557075057084,-0.042702342349304624
2023-02-01,mp,long_only,473,0.10878768539534635,-0.04304955516726146,0.13593391551921163,-0.04318548908278067
2023-02-01,lw_cc,unconstrained,473,0.11685632039956449,-0.003136495981685434,4.859409984228062,-0.007995905965913496
2023-02-01,lw_cc,long_only,473,0.10927117061589514,-0.0422806177240902,0.3904674691034731,-0.04267108519319367
2023-03-01,lw,unconstrained,473,0.1075302517740637,0.07549723631325331,4.1953480342409915,0.07130188827901232
2023-03-01,lw,long_only,473,0.1798977259376331,0.01089844023922611,0.3531707669303601,0.01054526947229575
2023-03-01,mp,unconstrained,473,0.11074263105324367,0.07353742611574443,0.9526476255242289,0.0725847784902202
2023-03-01,mp,long_only,473,0.16870044724899683,0.018261799059927655,0.19618771333450705,0.01806561134659315
2023-03-01,lw_cc,unconstrained,473,0.13633242861295852,0.0835615080452193,4.212938202169376,0.07934856984304992
2023-03-01,lw_cc,long_only,473,0.17053701814226632,0.011907065044606232,0.3130918179793616,0.01159397322662687
2023-04-03,lw,unconstrained,475,0.10760663571176442,0.045518735142364306,4.844015331659321,0.04067471981070499
2023-04-03,lw,long_only,475,0.11281052607826259,0.007928522265520516,0.4512522016502495,0.007477270063870266
2023-04-03,mp,unconstrained,475,0.12209020953464096,0.028926558020563903,1.3084255398223776,0.027618132480741527
2023-04-03,mp,long_only,475,0.11848565639643098,0.007461594835687082,0.2662033816762981,0.0071953914540107845
2023-04-03,lw_cc,unconstrained,475,0.10950802826445404,0.044718305595899635,4.8156049560584195,0.039902700639841214
2023-04-03,lw_cc,long_only,475,0.09746803520456819,0.011702952065619464,0.3696622225570193,0.011333289843062444
2023-05-01,lw,unconstrained,475,0.11862220761177851,-0.01855922785772393,3.489350498261807,-0.022048578355985737
2023-05-01,lw,long_only,475,0.12423772248824888,-0.029157767438445798,0.33790327901003686,-0.029495670717455836
2023-05-01,mp,unconstrained,475,0.09130110405338901,-0.058902560030802464,1.3038503331571525,-0.060206410363959614
2023-05-01,mp,long_only,475,0.11796474751346277,-0.035258637196523154,0.271037025093966,-0.03552967422161712
2023-05-01,lw_cc,unconstrained,475,0.12139522887906805,-0.03926432234976552,3.438500340774287,-0.04270282269053981
2023-05-01,lw_cc,long_only,475,0.10890792647734548,-0.03380914050403029,0.2921390454011171,-0.03410127954943141
2023-06-01,lw,unconstrained,477,0.09975545946081144,-0.03442053628625313,4.414592414633537,-0.038835128700886665
2023-06-01,lw,long_only,477,0.11135802202691787,0.06187195554429366,0.4335783584513927,0.06143837718584227
2023-06-01,mp,unconstrained,477,0.09895779650854128,0.005197853077106313,2.08790335567317,0.003109949721433143
2023-06-01,mp,long_only,477,0.09899633242574601,0.055943525958179544,0.46264143433656746,0.05548088452384298
2023-06-01,lw_cc,unconstrained,477,0.11074643864603015,-0.030024692526319424,3.9847608316803065,-0.03400945335799973
2023-06-01,lw_cc,long_only,477,0.10341720650928832,0.05707607439570544,0.39680767018340374,0.05667926672552204
2023-07-03,lw,unconstrained,477,0.09469178248519725,-0.032638213328932415,4.0908575087093,-0.036729070837641715
2023-07-03,lw,long_only,477,0.08210934756337059,0.02058185577208626,0.45814336757058566,0.020123712404515673
2023-07-03,mp,unconstrained,477,0.09247367836657056,-0.008149556892747732,0.998603148265401,-0.009148160041013133
2023-07-03,mp,long_only,477,0.07180857670200437,0.015725833222419654,0.22802884308650476,0.015497804379333149
2023-07-03,lw_cc,unconstrained,477,0.08008491725802501,-0.0351246922204371,3.7148597045811496,-0.03883955192501825
2023-07-03,lw_cc,long_only,477,0.06960059522051262,0.014227618405695211,0.4023217036063633,0.013825296702088848
2023-08-01,lw,unconstrained,478,0.11031538858818205,-0.008655324184945919,3.7926493293075683,-0.012447973514253486
2023-08-01,lw,long_only,478,0.09678683754026444,-0.02303348634991633,0.4499065699182353,-0.023483392919834565
2023-08-01,mp,unconstrained,478,0.10233789246717213,0.00553060933981965,0.7360466956294123,0.004794562644190238
2023-08-01,mp,long_only,478,0.09288164484339972,-0.02272473717640638,0.16538289145921087,-0.02289012006786559
2023-08-01,lw_cc,unconstrained,478,0.0983323899126335,-0.0036705497087285033,2.83346683301592,-0.006504016541744423
2023-08-01,lw_cc,long_only,478,0.08771512239977228,-0.023244932281673052,0.35590207153495873,-0.023600834353208013
2023-09-01,lw,unconstrained,478,0.09057543089328504,-0.0312040384972543,3.8071058286726234,-0.035011144325926925
2023-09-01,lw,long_only,478,0.10343206919880714,-0.06163766995796844,0.4533270535052636,-0.062090997011473706
2023-09-01,mp,unconstrained,478,0.08072110225199836,-0.0023282755583555175,0.7551916576404274,-0.003083467215995945
2023-09-01,mp,long_only,478,0.09159667868334409,-0.05338329554310181,0.1858183444115598,-0.05356911388751337
2023-09-01,lw_cc,unconstrained,478,0.09797218926002067,-0.012313332205144011,2.8220608831752707,-0.015135393088319281
2023-09-01,lw_cc,long_only,478,0.09699197828937897,-0.05729420760398651,0.366266271427803,-0.057660473875414314
2023-10-02,lw,unconstrained,477,0.14559003442681895,-0.03646042054743653,4.192802469219673,-0.0406532230166562
2023-10-02,lw,long_only,477,0.1346391444070414,-0.02732147099189022,0.5214774390263894,-0.02784294843091661
2023-10-02,mp,unconstrained,477,0.1434630469246628,-0.01331983802318579,1.1343700057118127,-0.014454208028897603
2023-10-02,mp,long_only,477,0.1332129744598529,-0.027172606948105187,0.24884605555147227,-0.02742145300365666
2023-10-02,lw_cc,unconstrained,477,0.1291624338465125,-0.0019964257254236196,3.1985865628563577,-0.005195012288279977
2023-10-02,lw_cc,long_only,477,0.12359593862499682,-0.015039785611284124,0.42497978246436613,-0.01546476539374849
2023-11-01,lw,unconstrained,479,0.09485415293602689,0.0311243540169301,4.7065687715519395,0.02641778524537816
2023-11-01,lw,long_only,479,0.12547301619078421,0.08926675613435824,0.6251756799715729,0.08864158045438666
2023-11-01,mp,unconstrained,479,0.09190973448445233,0.015725042993903905,2.2164666067538024,0.013508576387150103
2023-11-01,mp,long_only,479,0.12169955158601599,0.08540260373794356,0.5188015954197743,0.08488380214252379
2023-11-01,lw_cc,unconstrained,479,0.09978107199273786,0.01802874434418702,3.8723071281402444,0.014156437216046775
2023-11-01,lw_cc,long_only,479,0.1127129810207785,0.07928731668056276,0.5338162565425335,0.07875350042402023
2023-12-01,lw,unconstrained,479,0.1321913910362516,0.031624630301518616,3.1306175890986028,0.028494012712420014
2023-12-01,lw,long_only,479,0.11711144343703618,0.049315060183022646,0.4212256044460395,0.04889383457857661
2023-12-01,mp,unconstrained,479,0.11937307227318585,0.04213372954498855,1.4636497850844463,0.0406700797599041
2023-12-01,mp,long_only,479,0.11436122676278575,0.05382378189327264,0.3874292171855723,0.05343635267608707
2023-12-01,lw_cc,unconstrained,479,0.13595889953253995,0.015021120115276142,2.52904017415473,0.012492079941121411
2023-12-01,lw_cc,long_only,479,0.10235596215640769,0.039801105828799074,0.35353119221385143,0.03944757463658522
2024-01-02,lw,unconstrained,480,0.10067643857465391,0.07912800471341881,3.903130354623262,0.07522487435879555
2024-01-02,lw,long_only,480,0.10694678323326505,0.014625557793280702,0.5326804868752268,0.014092877306405476
2024-01-02,mp,unconstrained,480,0.07694897172517981,0.050232731471418865,1.2859568435382656,0.0489467746278806
2024-01-02,mp,long_only,480,0.1018459287821554,0.015148561023154572,0.3366298526765676,0.014811931170478004
2024-01-02,lw_cc,unconstrained,480,0.1016960869782484,0.08321912951737823,3.070925661618479,0.08014820385575974
2024-01-02,lw_cc,long_only,480,0.09721850195800993,0.0188775686614725,0.4471958658588693,0.01843037279561363
2024-02-01,lw,unconstrained,480,0.09209956329159906,0.012347189311915382,3.35764218165657,0.008989547130258811
2024-02-01,lw,long_only,480,0.10041459263899527,0.027805053545698736,0.5036496547365374,0.027301403890962198
2024-02-01,mp,unconstrained,480,0.08666899469471112,0.03658335263113082,1.1352075037495617,0.03544814512738126
2024-02-01,mp,long_only,480,0.09267920189987436,0.028205823218443535,0.2951288863415265,0.02791069433210201
2024-02-01,lw_cc,unconstrained,480,0.10890457453839072,0.0006368179818641742,3.1131380965154105,-0.0024763201146512366
2024-02-01,lw_cc,long_only,480,0.0899248426804044,0.023677527404923418,0.4710051965751075,0.02320652220834831
2024-03-01,lw,unconstrained,480,0.08576535870618825,0.024689331904913587,3.1428614599158626,0.021546470444997724
2024-03-01,lw,long_only,480,0.08853735703912068,0.03360085693857741,0.4647462921422651,0.033136110646435145
2024-03-01,mp,unconstrained,480,0.062317891434682846,0.022705108774224127,1.1644202692659935,0.021540688504958133
2024-03-01,mp,long_only,480,0.08443619898081094,0.02984132057349534,0.2973549287077554,0.029543965644787583
2024-03-01,lw_cc,unconstrained,480,0.08285439972085201,-0.00016896927046794897,2.9236584895927233,-0.0030926277600606725
2024-03-01,lw_cc,long_only,480,0.08425896165069416,0.02498380374401537,0.4666384927779388,0.02451716525123743
2024-04-01,lw,unconstrained,482,0.11892169526343487,-0.04784000298974205,3.648940048663861,-0.05148894303840591
2024-04-01,lw,long_only,482,0.11147605988005596,-0.04570064530156439,0.5869186721341764,-0.04628756397369856
2024-04-01,mp,unconstrained,482,0.08154081063611884,-0.034627980120156956,1.3591306000153955,-0.035987110720172355
2024-04-01,mp,long_only,482,0.10772821026599799,-0.044905829446611756,0.37688443292459595,-0.04528271387953635
2024-04-01,lw_cc,unconstrained,482,0.11947643948126051,-0.02144821457002388,2.9350064405605014,-0.02438322101058438
2024-04-01,lw_cc,long_only,482,0.10034423057289674,-0.03730066619849232,0.5179666233422453,-0.03781863282183457
2024-05-01,lw,unconstrained,480,0.08730144106775352,0.033340045992380364,2.8939500164844376,0.030446095975895926
2024-05-01,lw,long_only,480,0.09931553147352075,0.02704644864278266,0.48379542551541893,0.02656265321726724
2024-05-01,mp,unconstrained,480,0.07305615445070669,0.03927256368708101,1.454027220812447,0.03781853646626856
2024-05-01,mp,long_only,480,0.09501479609255288,0.03282835244696402,0.4112239207398891,0.03241712852622413
2024-05-01,lw_cc,unconstrained,480,0.09357799714166312,0.01613449310552043,2.6229107039499526,0.013511582401570476
2024-05-01,lw_cc,long_only,480,0.09882825479406318,0.02316082828421512,0.45388307469378175,0.02270694520952134
2024-06-03,lw,unconstrained,482,0.08588940879812168,0.03368153851627396,2.495429043223707,0.031186109473050252
2024-06-03,lw,long_only,482,0.06050314863787633,0.000968465737584097,0.4373099601887085,0.0005311557773953886
2024-06-03,mp,unconstrained,482,0.08416147907457554,0.02838070480647153,1.427287617476761,0.02695341718899477
2024-06-03,mp,long_only,482,0.06048802083422781,0.0035875800892805378,0.41089233340506404,0.003176687755875474
2024-06-03,lw_cc,unconstrained,482,0.10470133349182048,0.04419935245472752,2.3906895355668007,0.041808662919160716
2024-06-03,lw_cc,long_only,482,0.06018077985069453,0.0026546934926489837,0.4050589708308405,0.0022496345218181433
2024-07-01,lw,unconstrained,483,0.11524849198779166,0.0035168399331762293,2.938204960829718,0.0005786349723465116
2024-07-01,lw,long_only,483,0.1088989693068116,0.03623278299402506,0.516189884919968,0.03571659310910509
2024-07-01,mp,unconstrained,483,0.09068405492402455,0.011913886944403233,0.8918786048297289,0.011022008339573505
2024-07-01,mp,long_only,483,0.10205026253511579,0.02728806955365606,0.24551167993478862,0.02704255787372127
2024-07-01,lw_cc,unconstrained,483,0.11718466840654145,-0.0030635949930891485,2.589096545070035,-0.0056526915381591835
2024-07-01,lw_cc,long_only,483,0.1013648390631874,0.03743009895875667,0.45059576199959667,0.03697950319675708
2024-08-01,lw,unconstrained,484,0.09991750926790963,0.07500179903992184,2.652203014528685,0.07234959602539315
2024-08-01,lw,long_only,484,0.153855119694823,0.030109753243996364,0.49721096114438224,0.029612542282851984
2024-08-01,mp,unconstrained,484,0.1209273795811117,0.04260582224345134,1.2094744879684929,0.04139634775548284
2024-08-01,mp,long_only,484,0.15855765021257914,0.028121044983488594,0.37279278958463136,0.027748252193903963
2024-08-01,lw_cc,unconstrained,484,0.09902840718938383,0.07080642935429272,2.403237288660379,0.06840319206563235
2024-08-01,lw_cc,long_only,484,0.1329391989990523,0.0346323537517429,0.4420749854244531,0.03419027876631845
2024-09-03,lw,unconstrained,484,0.08429958835282311,0.021702223333996004,2.9988597326547644,0.01870336360134124
2024-09-03,lw,long_only,484,0.09317421304831097,0.030264274109791395,0.5151337644804104,0.029749140345310985
2024-09-03,mp,unconstrained,484,0.08157317132543662,-0.009922600828559162,1.2791948482389848,-0.011201795676798148
2024-09-03,mp,long_only,484,0.09239396161500056,0.02178992586666039,0.4009561289389215,0.021388969737721468
2024-09-03,lw_cc,unconstrained,484,0.09082923563076242,0.015966190133831507,2.485914580105876,0.013480275553725631
2024-09-03,lw_cc,long_only,484,0.08416903143898438,0.02509701751426457,0.4369605147050996,0.024660056999559473
2024-10-01,lw,unconstrained,483,0.09206820694794081,0.027274002669812687,2.778921866848493,0.024495080802964194
2024-10-01,lw,long_only,483,0.08061720059547332,-0.008475782832518847,0.4534897923138894,-0.008929272624832736
2024-10-01,mp,unconstrained,483,0.07712138705797691,0.007525597909869723,0.9443942125978754,0.006581203697271848
2024-10-01,mp,long_only,483,0.07661498250015017,-0.002539694486401373,0.28682256665027794,-0.002826517053051651
2024-10-01,lw_cc,unconstrained,483,0.0885374436931152,0.004685650810082172,2.4500975669650553,0.0022355532431171166
2024-10-01,lw_cc,long_only,483,0.08205692248934227,-0.011342283622508758,0.3820296974544921,-0.01172431331996325
2024-11-01,lw,unconstrained,484,0.10414684868565577,0.05440298260238067,2.602805283805307,0.05180017731857536
2024-11-01,lw,long_only,484,0.10405209185496785,0.056979990037023476,0.4805752294676091,0.05649941480755587
2024-11-01,mp,unconstrained,484,0.10493681385407522,0.04941836572045457,1.0702096407201052,0.048348156079734465
2024-11-01,mp,long_only,484,0.10400392761902229,0.05777121014058414,0.34446804419945726,0.05742674209638468
2024-11-01,lw_cc,unconstrained,484,0.10522906637119399,0.038373890802758985,2.4811661365902133,0.035892724666168774
2024-11-01,lw_cc,long_only,484,0.09985745702067977,0.051832757762093645,0.44104385468585305,0.05139171390740779
2024-12-02,lw,unconstrained,485,0.09085990208105846,-0.06365372872232025,2.241170764888837,-0.06589489948720909
2024-12-02,lw,long_only,485,0.11243065347227395,-0.06496601449636395,0.432419048203182,-0.06539843354456713
2024-12-02,mp,unconstrained,485,0.08299090993773388,-0.03784439413140122,1.0151733099901525,-0.03885956744139137
2024-12-02,mp,long_only,485,0.10598239975982479,-0.05743600192562473,0.32898658194086694,-0.0577649885075656
2024-12-02,lw_cc,unconstrained,485,0.07547533713160536,-0.050532506165510145,2.190763962758509,-0.052723270128268655
2024-12-02,lw_cc,long_only,485,0.10301981257798046,-0.062119208721084763,0.4013100853982884,-0.06252051880648306
2025-01-02,lw,unconstrained,487,0.0971453806065167,0.0336547431972591,2.5442327883842277,0.031110510408874872
2025-01-02,lw,long_only,487,0.10620588694031727,0.03610818488738594,0.4920989041953303,0.035616085983190604
2025-01-02,mp,unconstrained,487,0.10277354099921304,0.020314066556397614,1.185139635320303,0.019128926921077313
2025-01-02,mp,long_only,487,0.1032089381060183,0.02939060777361756,0.3954332896428231,0.028995174483974737
2025-01-02,lw_cc,unconstrained,487,0.11023763870629955,0.03114395214139145,2.1078266592729893,0.02903612548211846
2025-01-02,lw_cc,long_only,487,0.11265499726201356,0.03493824013654216,0.3829658464784125,0.03455527429006375
2025-02-03,lw,unconstrained,487,0.11413886593955688,0.04005627225510885,1.9222414194743698,0.03813403083563448
2025-02-03,lw,long_only,487,0.09586714221243865,-0.001808998020827457,0.37457964848803943,-0.002183577669315496
2025-02-03,mp,unconstrained,487,0.1002725958508989,0.04272298161648502,0.9183494223114913,0.04180463219417353
2025-02-03,mp,long_only,487,0.09796051235143614,-0.0008185761361247396,0.33618324964198837,-0.001154759385766728
2025-02-03,lw_cc,unconstrained,487,0.11568259733559752,0.059461875720335955,1.9799783503816069,0.05748189736995435
2025-02-03,lw_cc,long_only,487,0.08456128092128276,0.011333979384752038,0.36422546059019983,0.010969753924161838
2025-03-03,lw,unconstrained,487,0.09711289629558131,0.004233841618975426,2.122009722526715,0.0021118318964487106
2025-03-03,lw,long_only,487,0.1537690190301836,-0.014462945624175709,0.4162245169705828,-0.014879170141146291
2025-03-03,mp,unconstrained,487,0.10791394256947612,0.008693962087492006,1.050055693405652,0.0076439063940863545
2025-03-03,mp,long_only,487,0.1448495354186027,-0.011248324672299102,0.3198415130819146,-0.011568166185381017
2025-03-03,lw_cc,unconstrained,487,0.10395127949753663,-0.01795776988913923,2.219982630652779,-0.020177752519792008
2025-03-03,lw_cc,long_only,487,0.14459420378487237,-0.01497982000827032,0.41321925266762594,-0.015393039260937946
2025-04-01,lw,unconstrained,489,0.24164580518875167,-0.01574996559364266,2.396227818757562,-0.018146193412400223
2025-04-01,lw,long_only,489,0.4116936695545449,-0.013855242857074753,0.46478207064735033,-0.014320024927722105
2025-04-01,mp,unconstrained,489,0.25418099993779236,0.007592955777732418,0.9309389524466363,0.006662016825285781
2025-04-01,mp,long_only,489,0.4042471708787749,-0.005011760103855964,0.3024777466652639,-0.005314237850521228
2025-04-01,lw_cc,unconstrained,489,0.23925060951099514,-0.030672763825980394,2.387121277235124,-0.03305988510321552
2025-04-01,lw_cc,long_only,489,0.3844831746961107,-0.020097340129726665,0.4404204495518373,-0.020537760579278502
2025-05-01,lw,unconstrained,489,0.11718422649344847,0.010324536992656336,3.1537257188179164,0.00717081127383842
2025-05-01,lw,long_only,489,0.14991965448558645,0.044591259144240766,0.5547085225361821,0.044036550621704584
2025-05-01,mp,unconstrained,489,0.135219057403858,0.024357670019654117,2.1224307313795117,0.022235239288274606
2025-05-01,mp,long_only,489,0.14308614629410474,0.04177683098565443,0.5725970308104094,0.041204233954844016
2025-05-01,lw_cc,unconstrained,489,0.12652058094570381,-0.008588153332136661,3.326594261574636,-0.011914747593711297
2025-05-01,lw_cc,long_only,489,0.1346443326183477,0.033043999579675874,0.5787906473827977,0.03246520893229308
2025-06-02,lw,unconstrained,490,0.10620823805102289,0.01906987672870537,2.4100957381841868,0.016659780990521185
2025-06-02,lw,long_only,490,0.0942612760056081,0.04325267673925273,0.4060123410090753,0.04284666439824366
2025-06-02,mp,unconstrained,490,0.10172723174820372,0.007648197817499259,0.6616792399194028,0.006986518577579856
2025-06-02,mp,long_only,490,0.0919091236658893,0.038072871391495525,0.17753211100301042,0.03789533928049251
2025-06-02,lw_cc,unconstrained,490,0.07284989852639195,-0.002852693510754418,2.2877230270466082,-0.005140416537801026
2025-06-02,lw_cc,long_only,490,0.08565835063738338,0.028312325549800607,0.3869874286398408,0.027925338121160766
2025-07-01,lw,unconstrained,490,0.09745222508114476,-0.020079723445680826,2.347254051433885,-0.02242697749711471
2025-07-01,lw,long_only,490,0.09520303160695112,-0.016410424257481557,0.4083316654529186,-0.016818755922934477
2025-07-01,mp,unconstrained,490,0.09287759920999751,2.4611974989563815e-05,0.3978058617336874,-0.0003731938867441236
2025-07-01,mp,long_only,490,0.09278990844861715,-0.009375106355067192,0.10254462758583398,-0.009477650982653026
2025-07-01,lw_cc,unconstrained,490,0.08871212967742845,0.014200260611419773,1.6239935905504341,0.01257626702086934
2025-07-01,lw_cc,long_only,490,0.0920953035210481,-0.009578598225107803,0.26624155426711316,-0.009844839779374916
2025-08-01,lw,unconstrained,493,0.09143126981152913,0.032267714465912326,2.091131221294976,0.03017658324461735
2025-08-01,lw,long_only,493,0.09583932653020717,0.030688890855650623,0.34417828005247697,0.030344712575598145
2025-08-01,mp,unconstrained,493,0.10020425736903224,-0.0019700811095949722,0.7758953929196046,-0.002745976502514577
2025-08-01,mp,long_only,493,0.08989972011003013,0.02546693314816932,0.20469630573455797,0.025262236842434765
2025-08-01,lw_cc,unconstrained,493,0.10700334828404409,0.009864547029350919,2.0469242033076305,0.007817622826043289
2025-08-01,lw_cc,long_only,493,0.09566154196489095,0.0240534754775086,0.3418537214401999,0.0237116217560684
2025-09-02,lw,unconstrained,495,0.10692545441714264,0.0051087238570366855,2.162083055553057,0.0029466408014836285
2025-09-02,lw,long_only,495,0.07800224362913531,0.022260756383306216,0.3682941633766231,0.021892462219929593
2025-09-02,mp,unconstrained,495,0.09969272711577605,-0.016709265218729175,0.6602377737687873,-0.01736950299249796
2025-09-02,mp,long_only,495,0.0710647377195524,0.016816654058033103,0.17671865690960328,0.0166399354011235
2025-09-02,lw_cc,unconstrained,495,0.11049155105102268,-0.025206161177408263,1.8610458740780502,-0.027067207051486315
2025-09-02,lw_cc,long_only,495,0.07702444965858618,0.009894209817467806,0.3126910958806902,0.009581518721587115
2025-10-01,lw,unconstrained,495,0.09508261469937489,0.012014451023008941,2.2761346719809223,0.00973831635102802
2025-10-01,lw,long_only,495,0.11079666991911874,-0.004142911240379771,0.41186268271179394,-0.004554773923091565
2025-10-01,mp,unconstrained,495,0.07975380327662461,-0.0008358166363571541,0.8805433480255307,-0.001716359984382685
2025-10-01,mp,long_only,495,0.10331371087564736,-0.008032186529584503,0.2455101698643395,-0.008277696699448842
2025-10-01,lw_cc,unconstrained,495,0.1028988840023559,-0.0017950460122462169,1.8712112621971926,-0.0036662572744434094
2025-10-01,lw_cc,long_only,495,0.09460261742793404,-0.01443444185680215,0.30385423355923924,-0.014738296090361388
2025-11-03,lw,unconstrained,494,0.11851551388336438,0.01513600636596469,1.8747335874159679,0.013261272778548721
2025-11-03,lw,long_only,494,0.13019905123609332,0.012676025521865265,0.32803656014895455,0.01234798896171631
2025-11-03,mp,unconstrained,494,0.10096555934852652,0.018808728820784007,0.6770125410496113,0.018131716279734394
2025-11-03,mp,long_only,494,0.1280835255108999,0.018691048265722165,0.1856553671642596,0.018505392898557904
2025-11-03,lw_cc,unconstrained,494,0.08761030952733134,0.005728001315123882,1.741880702272313,0.003986120612851569
2025-11-03,lw_cc,long_only,494,0.11078434086778906,0.018158225863225307,0.2789454790714808,0.017879280384153828
2025-12-01,lw,unconstrained,493,0.07516218361359263,0.020629461184756698,2.060883051277469,0.01856857813347923
2025-12-01,lw,long_only,493,0.07411361726273709,0.01813245853772303,0.3680477329689213,0.01776441080475411
2025-12-01,mp,unconstrained,493,0.08229141799123763,-0.006709113518465013,0.878963318545819,-0.007588076837010832
2025-12-01,mp,long_only,493,0.07268043569502565,0.012464449497009322,0.2229060540234881,0.012241543442985833
2025-12-01,lw_cc,unconstrained,493,0.0732928301021604,-0.00037704394642368386,1.7889674097119213,-0.002166011356135605
2025-12-01,lw_cc,long_only,493,0.06881887475424953,0.010810201693061645,0.28799985068049183,0.010522201842381153
2026-01-02,lw,unconstrained,495,0.09879358510800451,0.044857095394249764,1.9940303241806796,0.04286306507006908
2026-01-02,lw,long_only,495,0.09687236307669402,0.032379884535231385,0.3391066894481195,0.03204077784578326
2026-01-02,mp,unconstrained,495,0.10619223927711978,0.05286769255126107,0.6411595636721865,0.052226532987588885
2026-01-02,mp,long_only,495,0.09394517919887947,0.032089391480578544,0.15263444002932314,0.03193675704054922
2026-01-02,lw_cc,unconstrained,495,0.09625473880268914,0.06868597857482892,1.7164097329377577,0.06696956884189116
2026-01-02,lw_cc,long_only,495,0.09058512509636905,0.03547612921199873,0.25397083432187045,0.035222158377676865
2026-02-02,lw,unconstrained,496,0.14472082215206097,0.05491216680896598,1.984135558565566,0.052928031250400416
2026-02-02,lw,long_only,496,0.11167564047761651,0.03251746096482214,0.33662298471140883,0.032180837980110726
2026-02-02,mp,unconstrained,496,0.12335345033137776,0.05301864743726779,0.87787878950087,0.052140768647766914
2026-02-02,mp,long_only,496,0.11420795082842392,0.02736350427109201,0.23244357312972402,0.027131060697962287
2026-02-02,lw_cc,unconstrained,496,0.1252383309554747,0.025024098407138477,2.0569997816295844,0.022967098625508893
2026-02-02,lw_cc,long_only,496,0.09099613805139262,0.03179508109153124,0.34659258775192225,0.031448488503779314
2026-03-02,lw,unconstrained,498,0.10155012369863566,-0.043069629084426075,2.164662378953278,-0.04523429146337935
2026-03-02,lw,long_only,498,0.12825381125882682,-0.05010098309314685,0.37501486655576033,-0.05047599795970261
2026-03-02,mp,unconstrained,498,0.11118370947205701,-0.04248355498803245,0.9017427859481393,-0.043385297773980584
2026-03-02,mp,long_only,498,0.14034189514570422,-0.048322912276888834,0.22310187763584063,-0.048546014154524676
2026-03-02,lw_cc,unconstrained,498,0.10225168927651172,-0.012130883997711478,1.8159574314060893,-0.013946841429117568
2026-03-02,lw_cc,long_only,498,0.1111990696696928,-0.04719497785132166,0.3181364914318472,-0.04751311434275351
2026-04-01,lw,unconstrained,497,0.09300045800243277,0.03655340404863445,2.5379942406056575,0.03401540980802879
2026-04-01,lw,long_only,497,0.10381679456065752,0.04771995895340339,0.42887199370064016,0.04729108695970275
2026-04-01,mp,unconstrained,497,0.09394477531850287,0.04674274119900849,0.9634971094437021,0.04577924408956478
2026-04-01,mp,long_only,497,0.09541546894424104,0.04909931173466796,0.23685388274333805,0.04886245785192462
2026-04-01,lw_cc,unconstrained,497,0.1117078177403893,0.014782517068111347,2.1355119731469947,0.012647005094964352
2026-04-01,lw_cc,long_only,497,0.09660692710004594,0.031015950473268383,0.3526699353084824,0.0306632805379599
2026-05-01,lw,unconstrained,498,0.09215666438112606,-0.0067690362629474095,3.6060761106666273,-0.010375112373614038
2026-05-01,lw,long_only,498,0.06571968236487592,0.00883162974427506,0.6637259304210457,0.008167903813854014
2026-05-01,mp,unconstrained,498,0.10704896141518952,-0.004695851769312934,2.5302612274491807,-0.0072261129967621145
2026-05-01,mp,long_only,498,0.061388575587802634,0.021959809664717094,0.6813127773231378,0.021278496887393958
2026-05-01,lw_cc,unconstrained,498,0.10730610415505429,-0.0469939188643729,3.388061979659362,-0.05038198084403227
2026-05-01,lw_cc,long_only,498,0.0712317428383226,-0.007381323166918229,0.5747868405857353,-0.007956110007503963
2026-06-01,lw,unconstrained,500,0.08083148778285465,0.004340205250844952,1.9712271326291284,0.0023689781182158237
2026-06-01,lw,long_only,500,0.095225583680709,0.01974991186233286,0.43615024527662655,0.019313761617056235
2026-06-01,mp,unconstrained,500,0.08315287182421408,-0.016416088601786727,0.7403827984097164,-0.017156471400196445
2026-06-01,mp,long_only,500,0.09679455498592066,0.0033846259603930564,0.27444989824835303,0.0031101760621447035
2026-06-01,lw_cc,unconstrained,500,0.07131997823020596,0.003348987326003254,2.2690475196265867,0.001079939806376667
2026-06-01,lw_cc,long_only,500,0.08872100216289155,0.02761577546154414,0.46084057493155883,0.02715493488661258
