cell,,date,p,psi1,vol_pca1,vol_jse1,turnover_pca1,turnover_jse1
large_63,1,2018-06-01,475,0.9842682073944171,0.047887302153300164,0.04854010524032476,0.35159345627443317,0.354284423015694
large_63,2,2018-07-02,475,0.9716306726117695,0.07491515074885771,0.07690738958913183,0.36377706972364976,0.3695533382062455
large_63,3,2018-08-01,475,0.9614824553912246,0.057654972632762855,0.05802937419029132,0.42388032586614977,0.4288540702409423
large_63,4,2018-09-04,475,0.9603465666959767,0.07314539010533866,0.07490627492303154,0.3313025149381157,0.3408390441661605
large_63,5,2018-10-01,475,0.9491975735497918,0.15402294924398294,0.15270884058433812,0.3201706463000972,0.32776132411491665
large_63,6,2018-11-01,476,0.9826348314866212,0.09965884400788712,0.09910125304218258,0.5509428667135972,0.560014337278948
large_63,7,2018-12-03,476,0.984800535807163,0.21196760625048494,0.2113340012972234,0.2633200323849564,0.2647646866081044
large_63,8,2019-01-02,476,0.9898862797757865,0.10073988979639771,0.10020318955214212,0.25000434200687166,0.2512658824280755
large_63,9,2019-02-01,476,0.9889845707966564,0.04823923129249534,0.04811747569375278,0.2561283636675891,0.2580718675820929
large_63,10,2019-03-01,476,0.9885841473806538,0.0705449408631929,0.07016483692648004,0.2307707027750302,0.23027027066176275
large_63,11,2019-04-01,477,0.9792142600294056,0.07663962121246218,0.07710373366134748,0.3710779610545858,0.3736579803467288
large_63,12,2019-05-01,477,0.967591696723056,0.08925940568018208,0.08883248297908987,0.3999895766766271,0.40556196902339425
large_63,13,2019-06-03,477,0.9806377556360016,0.0961605342799872,0.0968582742272762,0.33957978257941746,0.3453703735235176
large_63,14,2019-07-01,480,0.9790925170567186,0.07482248594272042,0.07535060039304549,0.23988531926607431,0.24239273627263658
large_63,15,2019-08-01,480,0.9804549388777765,0.15907887800335122,0.15781091532760458,0.22178804866337426,0.22188347666657054
large_63,16,2019-09-03,482,0.9846785539442346,0.07066282894021782,0.07106723368711636,0.401390687936785,0.40698496681138296
large_63,17,2019-10-01,483,0.9843896381855158,0.08486173291302673,0.08459899022353036,0.23437467602569767,0.2349450350489341
large_63,18,2019-11-01,483,0.983266478746215,0.08037479351862319,0.0815786752067366,0.29024327776489844,0.29233522356377706
large_63,19,2019-12-02,483,0.9686178328801898,0.04689509810403075,0.047543627884618314,0.3436988163660446,0.3439515689762159
large_63,20,2020-01-02,484,0.9614134690089473,0.07905567434381862,0.07814204170683019,0.2560349477417193,0.2582572237000638
large_63,21,2020-02-03,484,0.9685631224704305,0.2819441273095141,0.2822711673644815,0.33531388132167184,0.33861016991490805
large_63,22,2020-03-02,484,0.9869500376355914,0.8813309452510345,0.8800440786948673,0.6622344643524537,0.6735782218853608
large_63,23,2020-04-01,484,0.9956502529553716,0.3350467837983344,0.3341936921920817,0.9616625160841967,0.9709207884811484
large_63,24,2020-05-01,484,0.9956320911642313,0.17156154647250843,0.17104528372850417,0.205341168411097,0.20618991215292654
large_63,25,2020-06-01,484,0.9955203977626478,0.2168138407957016,0.2161430659398347,0.1328336867297253,0.13293431110220796
large_63,26,2020-07-01,486,0.9939288605443382,0.09473169453307938,0.09452716979206024,0.4978176421237389,0.4997186911122824
large_63,27,2020-08-03,486,0.9926483575391297,0.06863380848560313,0.06888470653125542,0.3733565626499007,0.37554214395964475
large_63,28,2020-09-01,486,0.9900560257607753,0.2041194596033745,0.20415378902490516,0.2610511504622919,0.262559759616002
large_63,29,2020-10-01,486,0.9799213488756744,0.15446433785073518,0.1537189938128091,0.41670558798548313,0.42462055995372605
large_63,30,2020-11-02,486,0.9840388824638197,0.11780438564585417,0.11760097881761153,0.38184577424394156,0.3850434021515384
large_63,31,2020-12-01,486,0.9882110102461665,0.09562654591140418,0.09550188872701668,0.4957397370591793,0.5089583436349543
large_63,32,2021-01-04,487,0.988135006354349,0.12998617454957606,0.1298118132042315,0.1966649781579785,0.19693793342642052
large_63,33,2021-02-01,487,0.9862358536566189,0.11872363523872206,0.11864435768134093,0.20531086700994494,0.2057287822492848
large_63,34,2021-03-01,487,0.9777147192253082,0.12239610823519158,0.1222455449609848,0.43036950176990607,0.44339465977986603
large_63,35,2021-04-01,489,0.9777748358936676,0.07661904143762502,0.07682145497335459,0.3139067159024913,0.3208771666710283
large_63,36,2021-05-03,489,0.9761256035328156,0.1154556581692257,0.11512896016289112,0.35151203723508073,0.3583634513792875
large_63,37,2021-06-01,490,0.977483834096101,0.107325739695585,0.10744664367326726,0.2731844598978474,0.27908544385903766
large_63,38,2021-07-01,490,0.9745749875054348,0.08510867304774618,0.08415781185858487,0.5342139305724565,0.5488205954367465
large_63,39,2021-08-02,492,0.9810040963177875,0.07227675533195452,0.07256303950942992,0.33743695222686365,0.34257611304761104
large_63,40,2021-09-01,492,0.982561752323954,0.11178559076686964,0.11167377527418919,0.3553284403514548,0.3596580351241257
large_63,41,2021-10-01,492,0.9836093243439983,0.09121851135347968,0.09109947950022955,0.2555132455126855,0.2581206620358104
large_63,42,2021-11-01,493,0.9749623360334722,0.11682989362002866,0.11643892742486962,0.32007456553655933,0.325707622711093
large_63,43,2021-12-01,493,0.9769192161612711,0.11265151805627166,0.11211636813593878,0.33714560818230177,0.3456699807961988
large_63,44,2022-01-03,493,0.9792442450953479,0.10256911346139347,0.10177176171671141,0.3250353417994476,0.3284236489155485
large_63,45,2022-02-01,493,0.9823750743771423,0.1571990556114261,0.15685067065816446,0.4111590036920842,0.4180348052252211
large_63,46,2022-03-01,493,0.986437090969643,0.13107042708569036,0.13055455389247173,0.29719837157220697,0.3029407276648965
large_63,47,2022-04-01,493,0.9883432406558466,0.17244466423842555,0.17218697679032763,0.3037996863627412,0.3085516687783837
large_63,48,2022-05-02,494,0.9892747610194904,0.20754442132046794,0.20695064281978362,0.21107231648366984,0.21225284445633572
large_63,49,2022-06-01,494,0.991374770032628,0.2302552951028224,0.2300158541003095,0.3409093655585098,0.3427838082737322
large_63,50,2022-07-01,494,0.9924108023658124,0.13467360469711476,0.13448870328926169,0.2870084324761652,0.28902335901187026
large_63,51,2022-08-01,494,0.9923343357342621,0.1367116511753488,0.1363376198221339,0.2174816524450911,0.21806809436382896
large_63,52,2022-09-01,494,0.9911277904958129,0.20930206258789402,0.2089422663343234,0.36176463142189286,0.3642994929630215
large_63,53,2022-10-03,494,0.9906551590629376,0.22132063626253912,0.22095233292969724,0.30126836788227396,0.3020444741863789
large_63,54,2022-11-01,494,0.991581584277136,0.1664203851438797,0.16560978865529882,0.36566416629663967,0.36813281344967336
large_63,55,2022-12-01,494,0.9919545605030602,0.12045246278715592,0.12001040542391811,0.35951874000553696,0.36140935250704687
large_63,56,2023-01-03,494,0.991001290969896,0.13706854345322672,0.13681753526514778,0.24130837133445526,0.24238117910181622
large_63,57,2023-02-01,494,0.9899353234135603,0.09469724196947077,0.09473006152272452,0.3386096394050897,0.3406534237608355
large_63,58,2023-03-01,494,0.9858449555350342,0.16813674033172465,0.1676070316577654,0.3043989642127134,0.3047898819778284
large_63,59,2023-04-03,495,0.9846862371590511,0.08085205289933584,0.08049788003681092,0.43398891933078,0.43795441788695955
large_63,60,2023-05-01,495,0.9836695561839324,0.07785787568482731,0.07733076183878546,0.2871077496526532,0.288111553446954
large_63,61,2023-06-01,495,0.983686934799565,0.0890811975107208,0.08883380586912037,0.38264108540526265,0.3841737268454095
large_63,62,2023-07-03,495,0.9759554671595856,0.0788659009278949,0.07944493568029704,0.3514049395409097,0.3551682117826094
large_63,63,2023-08-01,495,0.9726083880034919,0.0852203695620159,0.08520961178576707,0.277528644561447,0.2820760811574923
large_63,64,2023-09-01,496,0.9664426418134702,0.09766740108089551,0.09749157012432624,0.45274774125335093,0.46483290132753746
large_63,65,2023-10-02,496,0.9684555777333803,0.11970994160547496,0.11940562432472927,0.3166159236572796,0.3240007087531991
large_63,66,2023-11-01,496,0.9753383792106285,0.09554310874037994,0.0946090075391424,0.48691738101763216,0.4945492888317673
large_63,67,2023-12-01,496,0.9828001667134048,0.10034819963515589,0.10085366510747025,0.43851459854217617,0.4464145273512258
large_63,68,2024-01-02,496,0.9834235987071946,0.07219286827622581,0.07156461944342608,0.27229705669956306,0.2772222341148076
large_63,69,2024-02-01,497,0.9817925073341869,0.06821837206847212,0.06776294010757873,0.3552477411537345,0.3588035033912542
large_63,70,2024-03-01,497,0.973171512934825,0.06702212171516032,0.06641633637661427,0.3035304803410326,0.3073379944899117
large_63,71,2024-04-01,497,0.9654231473157578,0.08827357035357168,0.087939311300151,0.35047931551825956,0.35992952971133635
large_63,72,2024-05-01,497,0.9664567537623632,0.10489314882856242,0.1049046355723421,0.35040434078145644,0.3572662227963245
large_63,73,2024-06-03,497,0.9659878278578775,0.0653668094098512,0.06586325896846752,0.32991049613263423,0.3355391535825144
large_63,74,2024-07-01,499,0.9624442595435377,0.08508003449419,0.0851798699328384,0.32107887360226006,0.3310445830545808
large_63,75,2024-08-01,499,0.9665595040084676,0.11369102624643254,0.1126365409961013,0.45514699841638157,0.47148460355915595
large_63,76,2024-09-03,499,0.9815019331908956,0.07658930296559621,0.07660456173388926,0.28853543769748724,0.29185701430550537
large_63,77,2024-10-01,499,0.982622160525866,0.08920646935841169,0.08938392219472022,0.15254042141564167,0.1531589899509223
large_63,78,2024-11-01,499,0.9752266032892586,0.08905096433538798,0.08875684099743911,0.29872146909483177,0.30137706191520147
large_63,79,2024-12-02,499,0.9651738441552391,0.10290690399380781,0.10262956385586172,0.46138372784079945,0.47696629517915323
large_63,80,2025-01-02,499,0.9701031919214057,0.13624198509851898,0.1371466754089823,0.25671590962681307,0.26210918337892364
large_63,81,2025-02-03,499,0.9714465277884431,0.08364244283050654,0.08400451396103956,0.3219234182357942,0.324440317211643
large_63,82,2025-03-03,499,0.9728553187977629,0.1441518229717674,0.1437676981618266,0.41956171093725503,0.42911381742207444
large_63,83,2025-04-01,499,0.979574371798173,0.33800159476953157,0.33616909343353724,0.2106759423524147,0.2114257122555101
large_63,84,2025-05-01,499,0.9934265453489727,0.1333403661429188,0.1334160693367183,0.45616502250712415,0.45519429954108936
large_63,85,2025-06-02,500,0.9945272885400707,0.0945375021885436,0.09454049712014653,0.21402039497428202,0.21476894636179286
large_63,86,2025-07-01,500,0.9942443201063632,0.09502919756721608,0.09508402606982912,0.16460666225562612,0.16432578142991244
large_63,87,2025-08-01,500,0.9753340947893648,0.08413833551701978,0.08378656888581085,0.4408805005363867,0.44694659628335986
large_63,88,2025-09-02,500,0.9622119797637578,0.07845763427652348,0.07844270002615412,0.31674143713933245,0.3229581668721907
large_63,89,2025-10-01,500,0.9546027465509455,0.08909186926310018,0.08829534561601697,0.2810723466987179,0.2888010408863071
large_63,90,2025-11-03,500,0.957337274694141,0.09715093469734656,0.09674251350401156,0.46362916563829626,0.47826807080909184
large_63,91,2025-12-01,500,0.9665492894702485,0.07690656355530286,0.07714022178246405,0.3341880374820354,0.349543327246613
large_63,92,2026-01-02,500,0.9727940694944841,0.08442773761457462,0.08374648714794715,0.2587411856015843,0.26323744476414673
large_63,93,2026-02-02,501,0.9691299559406731,0.06768277956907282,0.06663348195363601,0.26682087073505856,0.27272580753296427
large_63,94,2026-03-02,501,0.9588868710489321,0.1030272740367651,0.10200574386098124,0.3838827340201088,0.394351301964588
large_63,95,2026-04-01,501,0.968908352702537,0.09674543175734175,0.09653678310539257,0.27797511775709566,0.28724786407416203
large_63,96,2026-05-01,501,0.9698393031095478,0.08443626753468535,0.08528855966589072,0.20527014423753098,0.2106584427331672
large_63,97,2026-06-01,501,0.9734429593682885,0.11214400250787172,0.11279497666341612,0.42852125378022565,0.4388446170906749
large_63,98,2026-07-01,501,0.9696856724231785,0.09054979927596768,0.09179129157788604,0.32485801490879196,0.3307472852436367
large_252,1,2019-03-01,475,0.9957684596720463,0.07281016953834137,0.07271531672461554,0.0999642198713872,0.10007600786300538
large_252,2,2019-04-01,475,0.9956296882803336,0.08007000026872263,0.08018114620834883,0.06838841459859742,0.06845106773599532
large_252,3,2019-05-01,475,0.9952992924289121,0.09328714958166992,0.09327343927535445,0.07343758432288283,0.07326302418697675
large_252,4,2019-06-03,475,0.9956544038871449,0.10133091832785528,0.10154802234000712,0.0709666753457738,0.07117556172516354
large_252,5,2019-07-01,475,0.9957498943763808,0.08007597603699629,0.08023729357002714,0.04938092770486089,0.049515671441934125
large_252,6,2019-08-01,475,0.9957111519587742,0.15552620498615144,0.15519909940068158,0.06722069424343984,0.06731272960581122
large_252,7,2019-09-03,476,0.9962375215097958,0.06790023380009882,0.06800782809345726,0.13907636456857364,0.13908008695671306
large_252,8,2019-10-01,476,0.9962705817733915,0.08748878357055362,0.08745046674187976,0.05216379054480629,0.05214236433595924
large_252,9,2019-11-01,476,0.9959484669179783,0.07617273352459118,0.07646292238909749,0.09741480888697013,0.09764390153726013
large_252,10,2019-12-02,476,0.9957306114191936,0.05315237743910526,0.05340854205516567,0.08193420860346293,0.08191796257674162
large_252,11,2020-01-02,477,0.9945965601476311,0.06994024764262763,0.0697667804557543,0.13109758077572176,0.13090674979206018
large_252,12,2020-02-03,477,0.9943962681487595,0.28542256825994716,0.2855495423066974,0.11993203049629499,0.120297803560206
large_252,13,2020-03-02,477,0.9953592700146635,0.9141398430859194,0.9141049373531223,0.19033954597187597,0.19043300163378613
large_252,14,2020-04-01,480,0.9983247670850617,0.3410788405291436,0.3407422653196598,0.9111131924181972,0.9152978568165291
large_252,15,2020-05-01,480,0.9984197823068512,0.17258901614851846,0.17240743699122052,0.15988644086594345,0.15995302974281533
large_252,16,2020-06-01,482,0.9983984535996694,0.21624798638470527,0.21598158227923483,0.0835142471431296,0.08360960598834104
large_252,17,2020-07-01,483,0.998448265459647,0.09346880245136382,0.09339743329933975,0.06804279755331057,0.06816143348195028
large_252,18,2020-08-03,483,0.998432711192922,0.06552503320152289,0.06560747666534397,0.04270782771437759,0.042765582689977245
large_252,19,2020-09-01,483,0.9983755825812177,0.19597799757049164,0.19593981019479514,0.05013548967801514,0.05016526759883482
large_252,20,2020-10-01,484,0.998371135027185,0.16121246941403877,0.1611544075834752,0.03950377545554351,0.03957307837982815
large_252,21,2020-11-02,484,0.998396408508397,0.11985036968214449,0.11987380758286612,0.04263240349694991,0.04266743824888921
large_252,22,2020-12-01,484,0.9983357351784468,0.08802174450917946,0.08796434392661436,0.061999469487747164,0.062085869498093194
large_252,23,2021-01-04,484,0.9983200138442501,0.11720195899962567,0.11712428015387163,0.021759303957597797,0.0217313840581497
large_252,24,2021-02-01,484,0.9982906958500063,0.11227168770056999,0.11224425543905688,0.040232980443937166,0.04030246950560032
large_252,25,2021-03-01,484,0.9982590480992206,0.1296341924962273,0.129646372830814,0.041432348819202824,0.04149100374428077
large_252,26,2021-04-01,486,0.9971332260650161,0.0788797556157115,0.07887437055927769,0.36003387871654,0.36061038748000895
large_252,27,2021-05-03,486,0.9965549468930386,0.11317130452346309,0.11310977145582651,0.184515642321969,0.18518316683365893
large_252,28,2021-06-01,486,0.9961131553116632,0.08952425289728076,0.08949794937767216,0.09147845181756126,0.09184389038978352
large_252,29,2021-07-01,486,0.99496695737574,0.08402560559435081,0.0838678533654795,0.11138372147814302,0.11157044974949404
large_252,30,2021-08-02,486,0.9951265815294335,0.07074193686752198,0.07079047288603077,0.06397463271021026,0.06419506114039068
large_252,31,2021-09-01,486,0.9953018020517553,0.10766733052335527,0.10760500708810701,0.06176714505995009,0.06203197102053873
large_252,32,2021-10-01,487,0.9951410870690582,0.09060735077185694,0.09054838208154428,0.08395288933063685,0.08432041833324413
large_252,33,2021-11-01,487,0.9947893451380982,0.11506654592988393,0.1150054803823716,0.0686107540538197,0.06881347668678958
large_252,34,2021-12-01,487,0.9940507621975359,0.11313763425906176,0.11299525830419767,0.25265214680099296,0.25534574624037276
large_252,35,2022-01-03,489,0.9943307201244562,0.11082227247333233,0.11061380366165983,0.0938923496855654,0.09435945523757186
large_252,36,2022-02-01,489,0.9943639309697224,0.15794575949556988,0.1578193633221204,0.18187983175701003,0.18323125813842978
large_252,37,2022-03-01,490,0.9946950518259526,0.13846711266961684,0.138356309009141,0.14303864446718056,0.14362637284912022
large_252,38,2022-04-01,490,0.9953407686153541,0.1737652745468293,0.17369226131752152,0.14995632201936518,0.1509939414270373
large_252,39,2022-05-02,492,0.9956949398379203,0.19716255362467514,0.19684100635167429,0.10504990372519382,0.10536371847763687
large_252,40,2022-06-01,492,0.9963502117350636,0.22279120962663795,0.2226815763966746,0.1459606746859592,0.14662137165264147
large_252,41,2022-07-01,492,0.996863308366231,0.13116401367303096,0.13112322254579764,0.08776163323584345,0.08842402289270349
large_252,42,2022-08-01,493,0.9968736530360177,0.13280216495435682,0.13264906029950435,0.07212926340552289,0.07247296680689184
large_252,43,2022-09-01,493,0.9970650459514553,0.2183839099050634,0.21830511298093255,0.05539227498742215,0.055537222961414355
large_252,44,2022-10-03,493,0.9972401108488618,0.22915185618919443,0.22906956918591997,0.07840067718619406,0.07864645510491244
large_252,45,2022-11-01,493,0.9973529763344358,0.17024644507611053,0.1700569592718947,0.08369861541447543,0.08371270762383504
large_252,46,2022-12-01,493,0.9975442535303296,0.1241191482998848,0.124014707004278,0.10494011369402183,0.105139441765516
large_252,47,2023-01-03,493,0.9975643678720536,0.14091138983261273,0.1408584720668191,0.045300790313773834,0.045420697469930105
large_252,48,2023-02-01,494,0.9975794158126838,0.09990868616918439,0.0999070943424678,0.06648744053243966,0.06667359319406664
large_252,49,2023-03-01,494,0.9975402088933283,0.15931243973964676,0.1591781561118809,0.06336379942980849,0.06344076436169332
large_252,50,2023-04-03,494,0.9975196500173619,0.09063569393607997,0.0906092617723012,0.12083543315624343,0.12105270559793846
large_252,51,2023-05-01,494,0.9974819559053555,0.08246666396660957,0.08237631581299483,0.06445327479417416,0.06457834049689051
large_252,52,2023-06-01,494,0.9971554370434501,0.09451904966218047,0.09447080412697752,0.1555737134570984,0.1557555673239796
large_252,53,2023-07-03,494,0.9967544378120199,0.07653625622453006,0.07665689133945103,0.08940163846173971,0.08978835044776444
large_252,54,2023-08-01,494,0.9966080377260946,0.08063042134460698,0.08061346160021508,0.07504176084934114,0.07504558463605135
large_252,55,2023-09-01,494,0.9963637912817858,0.09267858923598123,0.09264048408069377,0.07119031307788365,0.07113347686496488
large_252,56,2023-10-02,494,0.9960284781031327,0.11645463565616392,0.11644375821917582,0.08387696850730926,0.08374348796107486
large_252,57,2023-11-01,494,0.9955663317069263,0.09021079654751792,0.09002082215370208,0.1425892869327392,0.14291750452090712
large_252,58,2023-12-01,494,0.9949617981510602,0.11724284527850802,0.11752591237148288,0.15724117402256005,0.157270878986855
large_252,59,2024-01-02,495,0.9947100702683903,0.07669374068762479,0.07658222973250164,0.11330092001222627,0.1135042831439544
large_252,60,2024-02-01,495,0.9944388389621265,0.07222715773294591,0.07214329864045974,0.09287093855565273,0.09296927357340543
large_252,61,2024-03-01,495,0.994179944659709,0.070823175084476,0.07073205518668138,0.1004826121618635,0.10084933640812771
large_252,62,2024-04-01,495,0.9933889858836115,0.0875545650614163,0.08751521827124037,0.1567456886271809,0.15770626632631918
large_252,63,2024-05-01,495,0.9932645551313782,0.10243275316996277,0.10245564594617462,0.10759120696705556,0.10802369484804317
large_252,64,2024-06-03,496,0.9930220033678693,0.06374840191150986,0.06386618536512417,0.12699730394182165,0.12725762865809975
large_252,65,2024-07-01,496,0.9927529841000953,0.08448962542447323,0.0844628690669114,0.08267511682623178,0.08296403319059947
large_252,66,2024-08-01,496,0.9928095941055262,0.10186813596768104,0.10162628594885556,0.1342539142011147,0.13455189254922573
large_252,67,2024-09-03,496,0.9936066579044033,0.07943860911049633,0.07952207723894236,0.1264477887190099,0.12759128707775869
large_252,68,2024-10-01,496,0.9934910933249437,0.0828419629468903,0.0828541478687802,0.07238595029733787,0.0729545675925456
large_252,69,2024-11-01,497,0.9929362029331543,0.09135903482283356,0.09126500861443246,0.12040896874239723,0.1206635797459277
large_252,70,2024-12-02,497,0.9922309265481053,0.09344019998811987,0.09328212581424349,0.16857372126386855,0.16974941825432704
large_252,71,2025-01-02,497,0.9922592144321442,0.14274040196776766,0.14308273630940962,0.10228713533100729,0.10305867376242238
large_252,72,2025-02-03,497,0.9921267722792605,0.08784260784697073,0.08809920642153828,0.10980968144187131,0.1103409883770156
large_252,73,2025-03-03,497,0.992240509436242,0.13501303563419834,0.134974313065289,0.11197138017540584,0.11256747170761716
large_252,74,2025-04-01,499,0.9931916493853166,0.306811831895795,0.306075201530824,0.09438567048611629,0.09506828376590226
large_252,75,2025-05-01,499,0.9962122413131955,0.1330634565478587,0.13312765772277887,0.21285914655144414,0.2123495579027897
large_252,76,2025-06-02,499,0.9963697463724054,0.0953594223003799,0.09539060593915727,0.06815268620627013,0.06833780326876236
large_252,77,2025-07-01,499,0.9963987168478852,0.09740620028439873,0.09744403251266753,0.03569996258858573,0.03576010733002852
large_252,78,2025-08-01,499,0.9963181059804566,0.0957375874495194,0.09572985142243168,0.06836686487002641,0.06837097526198344
large_252,79,2025-09-02,499,0.9959953563677154,0.08928687659846736,0.08932637405491377,0.06438876189234553,0.06453220110010016
large_252,80,2025-10-01,499,0.9958046119570901,0.09998626498804154,0.0999940327803161,0.045486395551684565,0.04561997530367011
large_252,81,2025-11-03,499,0.9957848081184136,0.10305509384651283,0.10302849461065887,0.06417290707167224,0.06413650467834119
large_252,82,2025-12-01,499,0.9959544280501532,0.07676590063175247,0.07679430557326253,0.07370279648071287,0.0738171564625892
large_252,83,2026-01-02,499,0.9958792279663777,0.08354879173112496,0.0835090283038145,0.04269352008756448,0.0427944566833494
large_252,84,2026-02-02,499,0.995840717605133,0.06897819183966039,0.06902920101090065,0.07626222272955377,0.07634123918587735
large_252,85,2026-03-02,500,0.9956884092261423,0.10097767351034331,0.10096584356024173,0.092704181668627,0.09270397148182541
large_252,86,2026-04-01,500,0.9954967609616662,0.10886873967273168,0.10895866035440176,0.0712816723534179,0.07155687650297854
large_252,87,2026-05-01,500,0.9912141674985586,0.09276713077963533,0.09311469209580049,0.21082421336513033,0.21102389198934735
large_252,88,2026-06-01,500,0.9898668767783259,0.13518978076580673,0.1356804193017745,0.11758715336267397,0.1179960767316897
large_252,89,2026-07-01,500,0.9900461364395965,0.1353462773639363,0.13600605826321194,0.15424651505735137,0.15598303870741845
mid_63,1,2018-06-01,347,0.9783439085258564,0.06399177735489991,0.06391090730976193,0.37839491810376935,0.3844675430685403
mid_63,2,2018-07-02,348,0.9604441290268114,0.08108788291801021,0.08336114329285342,0.39938185180434427,0.4044042094757889
mid_63,3,2018-08-01,350,0.9547231666615266,0.06571974779070096,0.06540312309362906,0.41722744911744425,0.43291405542849454
mid_63,4,2018-09-04,352,0.9549689515114427,0.08854137722067576,0.09014492015655175,0.32347816100196614,0.3394408755926488
mid_63,5,2018-10-01,353,0.9460450887213603,0.16079701336558497,0.1576913647917819,0.3183274663679306,0.3369012679493802
mid_63,6,2018-11-01,353,0.9808130554265277,0.09835154721099,0.09706003825758777,0.5666964680087296,0.5849909429167979
mid_63,7,2018-12-03,353,0.9834296104382946,0.2281751576299357,0.22773566447496055,0.26394331875822036,0.2646364169005209
mid_63,8,2019-01-02,354,0.9890247163119356,0.09717181262825303,0.0964876627865059,0.2563454377500854,0.2571435760573736
mid_63,9,2019-02-01,355,0.9888038941078406,0.05415374635274483,0.054067663108748075,0.2830391583168628,0.2840473167280638
mid_63,10,2019-03-01,355,0.9874066884586572,0.09956082884805562,0.09841463365180837,0.26034294345240605,0.2617468870735352
mid_63,11,2019-04-01,355,0.9790682754370528,0.09171021847740099,0.09184377353091458,0.3603660835322312,0.3659612684052894
mid_63,12,2019-05-01,355,0.9686992089666708,0.10475615009588878,0.10352432015205115,0.37132325091937374,0.3753563282252015
mid_63,13,2019-06-03,355,0.9809971960735733,0.1013241485203068,0.10181741984569538,0.3201167127470371,0.3216552606312989
mid_63,14,2019-07-01,355,0.9799053777026062,0.08037548964157311,0.08031802515971817,0.2225605335486206,0.22258025978125662
mid_63,15,2019-08-01,356,0.9812178133329266,0.17047146354076473,0.16927557430132129,0.23607226001179626,0.237299513400352
mid_63,16,2019-09-03,358,0.9836083339998969,0.07500272168936141,0.07489509750859448,0.33560848005251354,0.33679361381551715
mid_63,17,2019-10-01,359,0.9841590903544416,0.08186135984516014,0.08157830020530758,0.20905384334117777,0.20985825807638925
mid_63,18,2019-11-01,360,0.9836614480801347,0.0857538444838298,0.08640615167516587,0.2799466708523979,0.2803137094378082
mid_63,19,2019-12-02,360,0.9750680215107396,0.0498784229671688,0.050068543421897316,0.34435302818987745,0.3451681081806446
mid_63,20,2020-01-02,362,0.9683559381877749,0.08675560865175692,0.08585249773515796,0.31440223158430775,0.3155857713675695
mid_63,21,2020-02-03,363,0.968912213906769,0.26222972607261513,0.2621956053786309,0.33997622888598367,0.3429031897887933
mid_63,22,2020-03-02,364,0.9824077783714059,0.9568123780849799,0.9556695042767788,0.6825563834559687,0.6994766224181235
mid_63,23,2020-04-01,365,0.9946233887154584,0.36266156505308805,0.3597159501363355,0.9554704907426164,0.9705669478388135
mid_63,24,2020-05-01,365,0.9945425528983369,0.2447772764815743,0.24183829961864337,0.19612169205822513,0.19788815211546662
mid_63,25,2020-06-01,365,0.9946705530268893,0.24899838436974692,0.2471296689242799,0.16393865128290108,0.16393599864501207
mid_63,26,2020-07-01,365,0.9932812476391745,0.1342546985062566,0.13381078712046113,0.4419028199167542,0.4472213916824155
mid_63,27,2020-08-03,366,0.9930811831542073,0.0748628178830966,0.07465411729047951,0.3506254263430933,0.35526307790776346
mid_63,28,2020-09-01,367,0.9905203438253983,0.20588748004081825,0.20568137729248376,0.2955218664478377,0.2961080980191656
mid_63,29,2020-10-01,370,0.9817575417933567,0.17480646861907492,0.1741380012836336,0.315269100498363,0.31975221105478646
mid_63,30,2020-11-02,370,0.9821304435634901,0.15898033107691156,0.15809463466423468,0.3981434319167081,0.40240075179110363
mid_63,31,2020-12-01,370,0.9863559546246816,0.11403561334470178,0.11390296494562818,0.4278331883629699,0.43764367738323984
mid_63,32,2021-01-04,372,0.9859349240036539,0.20340007402241367,0.20307473683199806,0.20695036373510678,0.20878054898835655
mid_63,33,2021-02-01,373,0.9819176340096465,0.15726707821334282,0.1572384194649684,0.31175600349985855,0.3142703247593654
mid_63,34,2021-03-01,374,0.981064021258093,0.16675771176929208,0.16661970679598023,0.6648599754360756,0.6711942250239535
mid_63,35,2021-04-01,375,0.9796777690084492,0.0661273268841595,0.06583607626199375,0.339881510843613,0.3430205573219466
mid_63,36,2021-05-03,376,0.9784503326267288,0.13034831949599787,0.12957870234866464,0.4428339527933345,0.45347518928374225
mid_63,37,2021-06-01,376,0.9805231326975908,0.10705700286758402,0.10646064313489022,0.2754218422669889,0.27746695325006976
mid_63,38,2021-07-01,377,0.9780033570792438,0.11338358202125379,0.11172306025391837,0.3514153184476545,0.3606645054332571
mid_63,39,2021-08-02,379,0.9833494410993906,0.07245832650450361,0.07177173153451262,0.29827199331809473,0.30379196169690836
mid_63,40,2021-09-01,379,0.9848460149539362,0.10403426033733275,0.10317475845959286,0.25941728457427427,0.2653885723808462
mid_63,41,2021-10-01,381,0.984865722544518,0.1032809656162487,0.10295919554708248,0.3324240511594947,0.3357655464713996
mid_63,42,2021-11-01,385,0.977911011859798,0.11694847602411083,0.11594772296922874,0.3330413737256523,0.33651364130846245
mid_63,43,2021-12-01,385,0.9741249685325214,0.14464329050044533,0.14351749574148878,0.3087114533243128,0.31543571302891205
mid_63,44,2022-01-03,386,0.9769219454114703,0.14723699436300916,0.14555436433901467,0.4240363566127072,0.4339857040173512
mid_63,45,2022-02-01,387,0.9813370016979378,0.17630077681757453,0.1752965205691944,0.43004366952583944,0.43610596643058885
mid_63,46,2022-03-01,387,0.9863038691629483,0.1520745525687827,0.1507668540862892,0.38767458883686007,0.3971957007778343
mid_63,47,2022-04-01,387,0.9876386778323497,0.17813581465692924,0.17774830053213125,0.36369196883159466,0.37049412836236933
mid_63,48,2022-05-02,387,0.9882626963046319,0.22326636104825612,0.2224408477694665,0.2553554935041831,0.25845605808296923
mid_63,49,2022-06-01,387,0.9905016093277333,0.25295371435262587,0.2522966821419677,0.3765655666606468,0.3790119862435119
mid_63,50,2022-07-01,388,0.9917126537540927,0.1398861133517669,0.13950785105102032,0.30568375983038043,0.30864330415495844
mid_63,51,2022-08-01,388,0.9913099946672026,0.14429072948400906,0.14373944153940257,0.2421980879464929,0.24415814080976808
mid_63,52,2022-09-01,388,0.9896807242790017,0.20970067244326987,0.20892226300863828,0.3382648415157805,0.342111494458366
mid_63,53,2022-10-03,388,0.989823451419433,0.22328315840042212,0.22256567406141498,0.3308675729859485,0.33205037317276304
mid_63,54,2022-11-01,388,0.9906213942800499,0.17143031903301414,0.17056924669630133,0.4045852878395761,0.40740636631080435
mid_63,55,2022-12-01,388,0.9908196281991761,0.13122180062838557,0.13049408712552363,0.3451649734981956,0.3501631592596478
mid_63,56,2023-01-03,389,0.9898405635576493,0.13070092995867993,0.13015636640736736,0.257084321696781,0.259854394193491
mid_63,57,2023-02-01,389,0.9881795490681319,0.08910409305904961,0.08857373014518684,0.30578455235744617,0.30975295498995165
mid_63,58,2023-03-01,389,0.9833827869493458,0.19827983081303235,0.19696517211257436,0.42425811312938283,0.4311205114721779
mid_63,59,2023-04-03,389,0.9832860234973125,0.09934171262564295,0.09816966104466089,0.4786246434959686,0.487210053404455
mid_63,60,2023-05-01,389,0.9837078066285775,0.09786001159753757,0.09704184362929875,0.3173494747485368,0.3201420301162599
mid_63,61,2023-06-01,390,0.9859384263276325,0.1295701644749145,0.12900960137473144,0.4657984528073242,0.47317930843847733
mid_63,62,2023-07-03,391,0.9831022367042462,0.08921711992763715,0.0891878368008678,0.33997951026090134,0.3414425322776774
mid_63,63,2023-08-01,391,0.9812254606554774,0.09176598564533944,0.09144505462959586,0.27290322071328804,0.2733212636686549
mid_63,64,2023-09-01,392,0.9712572271564057,0.11490221324722283,0.11416886108799751,0.46966637522605337,0.482043838213473
mid_63,65,2023-10-02,394,0.9692624570768206,0.14818615648411093,0.14771957672950273,0.36204900191185707,0.37586295499527633
mid_63,66,2023-11-01,395,0.9748309253335748,0.14153216913639333,0.1392912239813345,0.5643628781069643,0.5804754515532338
mid_63,67,2023-12-01,395,0.9844089875059961,0.10856993059821989,0.10794454779639014,0.5233337686126964,0.5385873607357012
mid_63,68,2024-01-02,396,0.9848194712426255,0.1055296750744164,0.10479440950820867,0.2841820142727364,0.29157905992392746
mid_63,69,2024-02-01,396,0.9850595612336558,0.11117350314097381,0.11052812013056032,0.35567175433599096,0.3602105178055838
mid_63,70,2024-03-01,396,0.9808682226860628,0.08543353617075201,0.08489228693888058,0.3862124977352924,0.3895812648429684
mid_63,71,2024-04-01,396,0.9754871431492984,0.10953657499739362,0.10896338284164607,0.31493243361425677,0.3236770955836141
mid_63,72,2024-05-01,396,0.9737297632354898,0.10857732696323595,0.10797233346935017,0.3843271484571106,0.3930660207591282
mid_63,73,2024-06-03,397,0.96816600208308,0.08515447691859383,0.08444358280408383,0.5022363384426483,0.515656135604744
mid_63,74,2024-07-01,397,0.9682329181902626,0.13014393090129792,0.12932332139869596,0.30079369502667225,0.3059450924734176
mid_63,75,2024-08-01,398,0.972480588707727,0.14887240621830616,0.14757855988452717,0.5327715640139199,0.5413953459492857
mid_63,76,2024-09-03,398,0.9848378161869932,0.08568951752428201,0.08538808821157365,0.41564745962402894,0.4235152485868817
mid_63,77,2024-10-01,398,0.9863028703531801,0.09582430968449053,0.09591658801029967,0.17967372839390602,0.17984420523337638
mid_63,78,2024-11-01,398,0.9780254865097302,0.12780150304478494,0.1261763707311644,0.35586127438331294,0.35870909523276934
mid_63,79,2024-12-02,398,0.9756239053452903,0.13544941436475955,0.13535619834439902,0.5162148681007315,0.5245821734246864
mid_63,80,2025-01-02,399,0.97767235625212,0.1414290400010082,0.14183935416752347,0.2634132548641891,0.2679178281291722
mid_63,81,2025-02-03,399,0.9784719022593624,0.10910024007336795,0.10868830772312145,0.2963478477622913,0.29882522456958627
mid_63,82,2025-03-03,399,0.9706029779126353,0.1523038977408099,0.1510872717698617,0.5298623407303042,0.5414614937827625
mid_63,83,2025-04-01,399,0.976949909920707,0.3499103746492384,0.34683183524348127,0.3370362173638919,0.34384552122386397
mid_63,84,2025-05-01,399,0.9930856942867673,0.13972826086350754,0.13951321274300393,0.43777401696573076,0.4385565525183543
mid_63,85,2025-06-02,399,0.9943056838459757,0.10838508931670673,0.10820309804262182,0.2555033008850147,0.2564347626152092
mid_63,86,2025-07-01,399,0.9941926356903715,0.10837490220194151,0.10822408850628028,0.1726168538200003,0.17244273224347167
mid_63,87,2025-08-01,399,0.9792767060402627,0.10726553159888433,0.10604495930691347,0.4376531174150763,0.4437393584418427
mid_63,88,2025-09-02,399,0.9740099978733391,0.08399555596065679,0.08351303929516103,0.37752427082361484,0.3788914746345254
mid_63,89,2025-10-01,399,0.9709630217116455,0.10145473574198322,0.09979813663623653,0.21926932629861656,0.22230865934694258
mid_63,90,2025-11-03,399,0.9735005572022452,0.09480858424586004,0.0922018275036696,0.47003000043587656,0.48602467299445495
mid_63,91,2025-12-01,399,0.9719531116555099,0.07121357494775536,0.07079300506509777,0.2955059036570006,0.306002308656928
mid_63,92,2026-01-02,399,0.9734267223580826,0.0771526608055984,0.07541934257430746,0.1752061496119759,0.17924602153136712
mid_63,93,2026-02-02,400,0.9704684237156114,0.07468678301515297,0.07182023617526889,0.29733858444943817,0.30081173000850514
mid_63,94,2026-03-02,400,0.9603245814142122,0.09520182708395451,0.09046677542896348,0.4623949096076436,0.48783045582616325
mid_63,95,2026-04-01,400,0.9723680026162973,0.07008726579566339,0.06807787154263778,0.3121351626203378,0.327783972874052
mid_63,96,2026-05-01,400,0.9718576902579895,0.06339523849285553,0.06128298374855801,0.24394960222031054,0.26350328908320386
mid_63,97,2026-06-01,400,0.9777478181396502,0.08789539133954964,0.08781578454324072,0.41313391049525383,0.43619187370961
mid_63,98,2026-07-01,400,0.970264596511151,0.07780692719191856,0.07855545440290236,0.28150695641563767,0.2795706779497882
mid_252,1,2019-03-01,347,0.9950445206682728,0.09346207369716167,0.09304053259850165,0.10642641437329438,0.1064726894862037
mid_252,2,2019-04-01,348,0.9949672993844163,0.09409568251628207,0.0941917568866634,0.06418729125267741,0.06391692599862538
mid_252,3,2019-05-01,350,0.9947865264032341,0.10450603527312893,0.1042512381709974,0.07155224241593577,0.0719494187900161
mid_252,4,2019-06-03,352,0.9952042327829689,0.10039710209339021,0.1005898316163968,0.0758055471622939,0.07592424181549551
mid_252,5,2019-07-01,353,0.9953468338447458,0.08238818087531798,0.08236832643875405,0.054239872794848834,0.054258219228396645
mid_252,6,2019-08-01,353,0.9953908694278559,0.16197320978785484,0.16153229194908575,0.0789689232304226,0.07901881782259668
mid_252,7,2019-09-03,353,0.9959196108130142,0.07173506052505478,0.07172319754401665,0.09313796273756317,0.0934898408719416
mid_252,8,2019-10-01,354,0.9959891417462293,0.07725602630031748,0.07714596818684805,0.055719682615694766,0.05568641912546618
mid_252,9,2019-11-01,355,0.9956827949926729,0.08386554665070464,0.0840719413455466,0.11254623141214405,0.11254969573674377
mid_252,10,2019-12-02,355,0.9955452430151339,0.05607985946996862,0.05628079189832687,0.10151984914622185,0.10164829680001819
mid_252,11,2020-01-02,355,0.994667850847097,0.08251977200386981,0.08239137537093776,0.11266545864384453,0.11309164165231594
mid_252,12,2020-02-03,355,0.9943252758466492,0.2840052441732431,0.2841267604643907,0.08072415702653901,0.08054115121166495
mid_252,13,2020-03-02,355,0.9950838332845334,1.0597353038669244,1.0597580423645008,0.18308971280464142,0.1835850076826822
mid_252,14,2020-04-01,355,0.998000470172757,0.4049421751655394,0.4044345438350561,0.9396330390570282,0.9428965710134339
mid_252,15,2020-05-01,356,0.9980900113203311,0.28494720273704366,0.2844105263337606,0.14555547241792235,0.14598195654383989
mid_252,16,2020-06-01,358,0.9981514536510603,0.27501525914599384,0.2746537041466834,0.1143748672132196,0.11435988151560475
mid_252,17,2020-07-01,359,0.9981976590293813,0.14128363442133282,0.14116583463750812,0.07149539931333573,0.07158037464244127
mid_252,18,2020-08-03,360,0.9981890116065536,0.0774588296892677,0.07736682182802655,0.06086810982789442,0.060905987398589545
mid_252,19,2020-09-01,360,0.9981383939605849,0.19751578295589775,0.19742413814909773,0.06548375399343231,0.06567250654551474
mid_252,20,2020-10-01,362,0.9981481386327634,0.16473276362762038,0.16459925719843005,0.1154145180570309,0.11547311270184113
mid_252,21,2020-11-02,363,0.9981447949609856,0.14446281745205336,0.14422618705926354,0.047822113614291506,0.047813296757009224
mid_252,22,2020-12-01,364,0.9980638895972865,0.09815764825275589,0.09810785214317495,0.06825553143713509,0.06838675565692864
mid_252,23,2021-01-04,365,0.9980389436296627,0.1828245073572058,0.18275203018212313,0.05314620489641264,0.05294644814558444
mid_252,24,2021-02-01,365,0.9979384960000979,0.1502750585201069,0.15023585645377135,0.0742998552379916,0.07443650432524299
mid_252,25,2021-03-01,365,0.9978730445320074,0.17341890918610506,0.17335701387435534,0.04664748965557061,0.04677483388719829
mid_252,26,2021-04-01,365,0.9968519298267322,0.08855578212299045,0.08851300082266993,0.3460792870869568,0.3470156184101395
mid_252,27,2021-05-03,366,0.9963938298052327,0.14500500958132984,0.14489402572432292,0.20619286092952882,0.20682817965425002
mid_252,28,2021-06-01,366,0.9957594497679914,0.1096585598581319,0.10953123723404774,0.12538684053145857,0.12583532608799858
mid_252,29,2021-07-01,370,0.994628630729444,0.13003579806567225,0.12976167036983904,0.13375502662974653,0.1344759874699744
mid_252,30,2021-08-02,370,0.9947413723432942,0.08333796333184965,0.0832012676043659,0.0903335225015435,0.09080823398309489
mid_252,31,2021-09-01,370,0.9948658106308721,0.11616369840558291,0.11599199847656458,0.08561858352943155,0.08593375921682597
mid_252,32,2021-10-01,372,0.9948087950753678,0.10596829132498536,0.10585028245867763,0.09865489031243063,0.09917188719918998
mid_252,33,2021-11-01,373,0.9946078928246029,0.114731211799633,0.1144566383295367,0.09694509657566056,0.09693567545766285
mid_252,34,2021-12-01,374,0.9941195697917476,0.13954977094812368,0.13923356633406564,0.2527297278112769,0.25419473707243556
mid_252,35,2022-01-03,376,0.9943713622445862,0.14720448140028963,0.14686817423597626,0.0895078300199639,0.08993372135309388
mid_252,36,2022-02-01,376,0.9949602260998499,0.17884054770067714,0.1786905192817796,0.13775082623659216,0.13817812528716594
mid_252,37,2022-03-01,376,0.995058536989045,0.1505786497110968,0.15024750170934234,0.12980009865137274,0.1303249864909543
mid_252,38,2022-04-01,377,0.9952562578670339,0.17130417771446013,0.17122438041254553,0.17157141670469478,0.17264751880047421
mid_252,39,2022-05-02,379,0.9955486874051406,0.20761569198412622,0.20724514428345778,0.11225214700991631,0.1130092400991863
mid_252,40,2022-06-01,379,0.9961040421335746,0.2497412587434917,0.24946826348167253,0.15923503256614463,0.16003814873208305
mid_252,41,2022-07-01,381,0.996524863664057,0.13687702869467105,0.13672796361509956,0.12374195533772189,0.12398491149804473
mid_252,42,2022-08-01,385,0.9965222283142449,0.14312091123846438,0.1428816799446993,0.09886103320926012,0.09957081956253389
mid_252,43,2022-09-01,385,0.9966514745753544,0.2230768105866476,0.22288270038880903,0.07697244601428471,0.07732982585781042
mid_252,44,2022-10-03,386,0.996845589077358,0.23284621263604863,0.23264840830219896,0.0927122036337184,0.09307563269198062
mid_252,45,2022-11-01,387,0.9970152480666498,0.1950016817597217,0.19471952533143458,0.09235897792745149,0.09256101948872361
mid_252,46,2022-12-01,387,0.9972739672197029,0.14126556237646087,0.1410651478202095,0.1290473014967406,0.12957324924425664
mid_252,47,2023-01-03,387,0.9973097193383939,0.14804376875189634,0.14796930421933477,0.05533582064953545,0.05504493665917194
mid_252,48,2023-02-01,387,0.9972627950709201,0.10369451207769027,0.10362038438811606,0.07421988238313115,0.07426847109003619
mid_252,49,2023-03-01,387,0.9972258324966156,0.2134246769797368,0.213232162820992,0.10602350989738382,0.10635800713609543
mid_252,50,2023-04-03,388,0.9971935088496311,0.11477616632637713,0.1146409230052587,0.16575172918676268,0.16631922686828202
mid_252,51,2023-05-01,388,0.9970970959415668,0.12171713334267978,0.12154044245672167,0.07186376252995111,0.07205841589303515
mid_252,52,2023-06-01,388,0.9967792944141048,0.1433789772251423,0.14318337166351908,0.17323819530376344,0.1735852306550409
mid_252,53,2023-07-03,388,0.9964813475069046,0.08718516657323552,0.08722783999412458,0.1330404142082885,0.1337195410510742
mid_252,54,2023-08-01,388,0.9963269085105634,0.07913127552024819,0.0790244246288906,0.08356557742942956,0.08385873503846397
mid_252,55,2023-09-01,388,0.9961090801263051,0.11460426871272604,0.11449888904677426,0.08708534680600993,0.0877476015645848
mid_252,56,2023-10-02,389,0.9958283821830629,0.14559410155833952,0.14546461500912403,0.09941829423815288,0.09972346972580853
mid_252,57,2023-11-01,389,0.9954265936497071,0.13572949096836204,0.13537722180326325,0.15730698075547594,0.15828434477857461
mid_252,58,2023-12-01,389,0.9952215902107012,0.1114219347807052,0.11132654325884263,0.1886953440508241,0.18913388085581215
mid_252,59,2024-01-02,389,0.9951182105946655,0.1091227578875671,0.10889358007429172,0.12218579283547178,0.12249863387842952
mid_252,60,2024-02-01,389,0.9951393943037783,0.11419160736258291,0.11400518525221275,0.0941744370787763,0.0945356840899065
mid_252,61,2024-03-01,390,0.9951371475474355,0.08996802665646172,0.08986081154506355,0.11950708203890498,0.1201035899078502
mid_252,62,2024-04-01,391,0.9945940380197879,0.10533508380446771,0.105100550122335,0.15661939462299487,0.1574047909108182
mid_252,63,2024-05-01,391,0.9946424706756372,0.10842307685150278,0.10830714241003839,0.10199413610606439,0.10244497228092037
mid_252,64,2024-06-03,391,0.9942165363476433,0.08871178906732478,0.08851922289569454,0.13213540449872574,0.13264183156845707
mid_252,65,2024-07-01,394,0.993726347198541,0.12986752333694107,0.1294299376209932,0.10972662951592382,0.11082156820059794
mid_252,66,2024-08-01,395,0.9941335228045909,0.15611251150652572,0.15568225121502077,0.15155267790140187,0.15262503197621963
mid_252,67,2024-09-03,395,0.9948228791554622,0.08432483308305354,0.08413171495709548,0.16877394388437453,0.16950509520282017
mid_252,68,2024-10-01,396,0.994773557622388,0.09018465322517957,0.09011682488594934,0.0713390718995352,0.07182400294260893
mid_252,69,2024-11-01,396,0.9944309575638757,0.14053758565138197,0.14025602316062166,0.12044441923408031,0.12079714477811893
mid_252,70,2024-12-02,396,0.994109037817724,0.1254079779704098,0.12527835257648792,0.202417603529774,0.20411147395298135
mid_252,71,2025-01-02,396,0.9939670535895385,0.14044010985437355,0.14062316119353077,0.11503612587401862,0.11583792542571361
mid_252,72,2025-02-03,396,0.9937119841695908,0.09495014791591316,0.09475218454481953,0.08576698812545555,0.08574601773440536
mid_252,73,2025-03-03,397,0.9935194722374798,0.1390193189403763,0.13869861676403386,0.14089865940795357,0.1418844093159577
mid_252,74,2025-04-01,397,0.9940376249938804,0.3321212282177048,0.3311436769082506,0.10336411758581096,0.1038957446046603
mid_252,75,2025-05-01,398,0.9963546966491408,0.13542750140679974,0.13533674139351803,0.23114219455908092,0.2312544342603855
mid_252,76,2025-06-02,398,0.9966241964131788,0.10291599999675777,0.10286383408199057,0.06975099039503502,0.0700034067504777
mid_252,77,2025-07-01,398,0.9966981507362038,0.10499234936429373,0.10492739701920305,0.04546961596515356,0.04531106874668778
mid_252,78,2025-08-01,398,0.9965587301036598,0.11342363383717935,0.11325333211723107,0.076452214616579,0.07638003261152415
mid_252,79,2025-09-02,398,0.9963470208150504,0.09136364678317395,0.09128780254467463,0.07925027075196832,0.07951697807824021
mid_252,80,2025-10-01,398,0.9962356239624807,0.09783358272647136,0.09771209695761231,0.044968769027129325,0.044971649058465075
mid_252,81,2025-11-03,399,0.996240294492403,0.11157596032470048,0.11136036364395213,0.06575413980070172,0.065441508917241
mid_252,82,2025-12-01,399,0.9962409371569565,0.07704328437129329,0.07701297033606157,0.11187804872195785,0.11194782278027476
mid_252,83,2026-01-02,399,0.9961830109487568,0.08976267316882114,0.08956855550395428,0.04604512539543988,0.0459649048364371
mid_252,84,2026-02-02,399,0.9961898657537687,0.08029784605683707,0.08007149276149389,0.07940496360604196,0.07947269144808133
mid_252,85,2026-03-02,399,0.9960033785442022,0.11292302649662889,0.1127566860100194,0.10327381258722937,0.10316025664161721
mid_252,86,2026-04-01,399,0.9959073534257201,0.10043300000431882,0.1004141070767286,0.08634282052026927,0.08650128387140016
mid_252,87,2026-05-01,399,0.9927803558212981,0.07974169908001465,0.07964368844023909,0.2279552805280169,0.22848989294927324
mid_252,88,2026-06-01,399,0.9919222713887755,0.1199642770907518,0.1205958617168053,0.11937514918920389,0.1190714788544043
mid_252,89,2026-07-01,399,0.9918697864231233,0.12393035785250175,0.12472080774224921,0.09906095063677349,0.0996695762773547
small_63,1,2018-06-01,506,0.962694118336237,0.06530072507982573,0.06419981226321335,0.44374397190202175,0.46358970744694733
small_63,2,2018-07-02,507,0.938663433676047,0.06358792930192628,0.06389870110477482,0.4376348550965917,0.4512784468199339
small_63,3,2018-08-01,508,0.9322956106216167,0.048255009750489276,0.0466166381222774,0.46694730707484705,0.47805037271826756
small_63,4,2018-09-04,512,0.9325961278102477,0.06359410689433748,0.061679649656086,0.40531745171858147,0.444267830946577
small_63,5,2018-10-01,513,0.9436079099012357,0.15516944290060952,0.15405274215091783,0.5843895497521132,0.7248171957975871
small_63,6,2018-11-01,516,0.9668815879426873,0.06908697732744633,0.0633463987221959,0.693593482957189,0.7723477201401027
small_63,7,2018-12-03,516,0.9709925358745145,0.17834967965432813,0.1754614568452955,0.28592454139300416,0.3044897779317555
small_63,8,2019-01-02,517,0.9822989652101322,0.08867342244798564,0.08700491399564657,0.34936793587494097,0.3642531815036454
small_63,9,2019-02-01,519,0.9825464536024798,0.06052582605349877,0.05986429020999228,0.29647909831948727,0.30434099816546983
small_63,10,2019-03-01,521,0.9816162721136651,0.09878820612273861,0.09492066982909857,0.24562958755307004,0.2543488230041095
small_63,11,2019-04-01,521,0.9729066081887792,0.08100735402337633,0.07957062582280737,0.47878941941237657,0.4963301457850307
small_63,12,2019-05-01,521,0.9639702069006177,0.09847984106040972,0.09573711328397605,0.3823217109405755,0.3831650942588256
small_63,13,2019-06-03,521,0.9765225324120689,0.09113955432374661,0.0903767171325686,0.3610566127091914,0.3609538492908674
small_63,14,2019-07-01,522,0.9735558459895136,0.06815844976945956,0.06579350264193926,0.2999129861585633,0.29643427780313497
small_63,15,2019-08-01,524,0.9751967874981444,0.15601157022210244,0.15397860358633877,0.28561363662705774,0.2794979672597071
small_63,16,2019-09-03,525,0.9783255157408909,0.07949543710683582,0.07757795162075481,0.3389495854254024,0.34371827060945137
small_63,17,2019-10-01,527,0.9805006165319677,0.0711458185946295,0.07046719943173482,0.2875861655817879,0.29108310825403716
small_63,18,2019-11-01,527,0.979576263929853,0.07761244603395687,0.07845466257962908,0.31736472222282375,0.3169882082108344
small_63,19,2019-12-02,527,0.9671652805727057,0.05193986024577672,0.05255068503299131,0.3909907941197839,0.39829248231157177
small_63,20,2020-01-02,528,0.9467351061738913,0.09566900031829835,0.09369401899894474,0.33998803305635017,0.341612223641811
small_63,21,2020-02-03,530,0.9515015816654628,0.25107190550255754,0.2503843615118595,0.37393041239925523,0.3824388382335881
small_63,22,2020-03-02,530,0.9722353912395095,1.033717642259298,1.0321568347799797,0.7213898321166039,0.7269425670203947
small_63,23,2020-04-01,530,0.9925983321764503,0.43418653744065666,0.43287759193665587,1.1486694126563757,1.1585901231878861
small_63,24,2020-05-01,531,0.9928187272423267,0.3165834683659346,0.3149809748084592,0.2515836347474039,0.25390559191053563
small_63,25,2020-06-01,532,0.9929987246793212,0.30446212987304977,0.30315536903487605,0.16751791794136445,0.1680045003061757
small_63,26,2020-07-01,532,0.9923076171492723,0.16121416142592587,0.16068323867946105,0.49955416985142254,0.5027554768389857
small_63,27,2020-08-03,533,0.9910010239873424,0.08989057695323935,0.08938762185855112,0.37054689761307447,0.37168138328268524
small_63,28,2020-09-01,533,0.9880845312269899,0.20221008954090158,0.2019407831581295,0.32712359536796204,0.32843620491806036
small_63,29,2020-10-01,534,0.97762038052267,0.17572098654744234,0.17479846862307907,0.37024856632934816,0.3781606120597558
small_63,30,2020-11-02,535,0.9785191550585135,0.21109417050491208,0.20793614762767734,0.41938687894087023,0.42769961577488
small_63,31,2020-12-01,538,0.9871701557939025,0.11858271978422893,0.118280185859286,0.5479088775939459,0.5614716442175809
small_63,32,2021-01-04,542,0.986255981280031,0.2006755936463562,0.20012846036025692,0.2497713964299912,0.2508631339205059
small_63,33,2021-02-01,544,0.9838399082799556,0.18469621998364974,0.1847322066661453,0.2812929233116882,0.28256514114397197
small_63,34,2021-03-01,544,0.9734620143844422,0.16552272298066095,0.16384597664352424,0.6051709606425419,0.6176372217776522
small_63,35,2021-04-01,545,0.9788538615357241,0.07953013316431613,0.07816807779160588,0.3567516893566043,0.3664521630535963
small_63,36,2021-05-03,546,0.9792544670775896,0.14970267540727997,0.148523547525378,0.34188560770735665,0.3480481584414756
small_63,37,2021-06-01,548,0.9789848185887411,0.1282328941153895,0.12718555214161534,0.31597817676398166,0.3212428828527859
small_63,38,2021-07-01,550,0.9736688760827528,0.13567448346351021,0.1337229781353987,0.46626704297750765,0.47473989726515997
small_63,39,2021-08-02,553,0.9777445532796774,0.10558899942087546,0.10473975787856012,0.4210162237589351,0.4279906235492495
small_63,40,2021-09-01,555,0.9798876888253182,0.1159169716777266,0.115116630270498,0.3142589865294445,0.31898524398147055
small_63,41,2021-10-01,562,0.9798486429717227,0.09595812483057335,0.09490169105960232,0.32157651401746834,0.327299123341424
small_63,42,2021-11-01,565,0.9739048047692223,0.1413367445614427,0.13993646402970547,0.38536541365905064,0.392589079085227
small_63,43,2021-12-01,566,0.9702436180818336,0.14961486812400496,0.147787696297584,0.4200003793305482,0.43660091842522747
small_63,44,2022-01-03,569,0.9759004455775495,0.14181889420624297,0.14037810525120642,0.5581919719254116,0.5736969352087612
small_63,45,2022-02-01,572,0.9810785938057311,0.15906842122865142,0.15768597784075528,0.4359252953279394,0.4532395204338134
small_63,46,2022-03-01,572,0.9849737936483415,0.14668546753978512,0.14559993003231883,0.4122105345597681,0.42023745586433814
small_63,47,2022-04-01,573,0.9851638663098716,0.15724774812455072,0.15615637459849321,0.32620905160649094,0.3354252028980338
small_63,48,2022-05-02,573,0.9853471261407404,0.19007738673958144,0.18881159466989136,0.23001265489533754,0.23264661236206507
small_63,49,2022-06-01,573,0.9881259303609025,0.23190756856282843,0.23107449395360366,0.3431572477025049,0.347249774290366
small_63,50,2022-07-01,574,0.9890743490123063,0.13458569535884865,0.1340031762673742,0.35200420687070016,0.3572240318079113
small_63,51,2022-08-01,574,0.9889482298898611,0.14695362333507161,0.1463856616654523,0.22068262891351853,0.22244355596277166
small_63,52,2022-09-01,574,0.9864090978567125,0.19497875215122082,0.1939167163142087,0.3171422065136342,0.3204473560455823
small_63,53,2022-10-03,574,0.9863655233732455,0.22729017480223632,0.22690078812019301,0.31256356392565865,0.3155016735160073
small_63,54,2022-11-01,574,0.9879026267016832,0.2100315902007629,0.20954294751439279,0.3861938025538023,0.39213720627533677
small_63,55,2022-12-01,574,0.9882387986635061,0.15561697371764183,0.1553591635871819,0.34887712859184106,0.3526744720667683
small_63,56,2023-01-03,574,0.9867262862920771,0.15491903013908187,0.1547677220513555,0.3086091379287366,0.31247313513552083
small_63,57,2023-02-01,575,0.9846732351039374,0.12405187696543797,0.1234648406813519,0.3823923938640119,0.38543663705109055
small_63,58,2023-03-01,576,0.9800311506987704,0.22527674069107131,0.22430948397977027,0.42643882939189837,0.4360293302317344
small_63,59,2023-04-03,577,0.9809540589053108,0.11005025759727675,0.10871623516753844,0.6015125026913752,0.6140299461910055
small_63,60,2023-05-01,577,0.9812619765107057,0.10408406876686584,0.10222098938220842,0.3347109750326427,0.33861294074490544
small_63,61,2023-06-01,577,0.9810356408423518,0.1763641029868748,0.1751481507588698,0.5041039584104277,0.510765417661933
small_63,62,2023-07-03,578,0.9808454267478234,0.09273796951503259,0.09200887635272444,0.41027716087991667,0.4175735460176352
small_63,63,2023-08-01,578,0.9798382849805702,0.09907197056078312,0.0987252059225029,0.29649045053379164,0.302090664473461
small_63,64,2023-09-01,579,0.966441207954014,0.12159931165324221,0.12017765439059683,0.4527779969065199,0.46607824239839546
small_63,65,2023-10-02,582,0.9605630744327909,0.14119972353315824,0.13984006740058333,0.43075963925515326,0.4502860972144385
small_63,66,2023-11-01,582,0.965043324776357,0.19837753210045428,0.19597979416943573,0.5991648584341575,0.6209493068461939
small_63,67,2023-12-01,583,0.9834147078403367,0.1364732864590004,0.1357035069701174,0.5870115768104702,0.6083811826903952
small_63,68,2024-01-02,585,0.9852906707425946,0.14120171851573754,0.14046781405096234,0.2719618315981852,0.2748996452057775
small_63,69,2024-02-01,586,0.9863505062522739,0.16122247232785322,0.16056317486308277,0.34312426302658705,0.3459036674901871
small_63,70,2024-03-01,587,0.9815390181750259,0.1119910139361008,0.11126659205140282,0.44346033177678623,0.44873711085383183
small_63,71,2024-04-01,587,0.9759427382084479,0.13263181136358612,0.131545263651264,0.35035623705614216,0.35593845236618094
small_63,72,2024-05-01,588,0.9753026041486228,0.10570356021700711,0.105276818283555,0.3731619484178581,0.3788392116603103
small_63,73,2024-06-03,588,0.9681535606434098,0.09854373635955985,0.0974821305471365,0.5237702229018174,0.5371377084046266
small_63,74,2024-07-01,588,0.9657559290152313,0.17628017263417112,0.17431868249850094,0.4535246990478712,0.47133453621298227
small_63,75,2024-08-01,588,0.971523701527633,0.17742198732283707,0.17519225962406396,0.6089234068141673,0.6279096171952738
small_63,76,2024-09-03,588,0.9820743995584785,0.11098018275048879,0.10989130948983436,0.4206521447539058,0.4245047396090291
small_63,77,2024-10-01,590,0.9828526020139993,0.11940225376357151,0.11902668013104864,0.21359691836845618,0.2140648718213299
small_63,78,2024-11-01,591,0.9741698639326979,0.15857526122405224,0.1545942708939017,0.4536069148758945,0.4592235164061274
small_63,79,2024-12-02,591,0.9776280370813107,0.13677190258635388,0.13647117717724605,0.5533689816801945,0.5682265798522808
small_63,80,2025-01-02,593,0.9793287336271502,0.15537681101273979,0.15539225565184145,0.25593229464751865,0.2593169971327943
small_63,81,2025-02-03,594,0.9782531779645414,0.12227531132074854,0.12164535898658697,0.29372537936081217,0.2954435383874671
small_63,82,2025-03-03,594,0.9645785700546501,0.13762115864021376,0.13576770972904648,0.6836323337418349,0.702901730160439
small_63,83,2025-04-01,594,0.9663397831660034,0.3106214054087076,0.30454821781069885,0.4302027607971698,0.4466031990887158
small_63,84,2025-05-01,594,0.9899095687781932,0.16259113346852735,0.16197432012528176,0.4811173772981231,0.48883295342084476
small_63,85,2025-06-02,595,0.9910369935514373,0.13593018522499303,0.135481204303183,0.27574274172128965,0.27645417431124586
small_63,86,2025-07-01,595,0.9914930759833951,0.1276489780145363,0.1272613761922863,0.19785327155223997,0.19837220064520586
small_63,87,2025-08-01,595,0.9793543704267645,0.14810029006629874,0.14633833409365385,0.519083005135222,0.5263621803650866
small_63,88,2025-09-02,595,0.9772906217480746,0.1103446686897534,0.10944400085704047,0.38899372716364,0.39937959329761696
small_63,89,2025-10-01,596,0.9753675560294395,0.12299031945757838,0.12077409743884027,0.30081762887393904,0.30650835575853286
small_63,90,2025-11-03,596,0.9738667458827562,0.1323660714985512,0.13073542314997127,0.43833194624863225,0.44210969707425285
small_63,91,2025-12-01,596,0.9725696534240228,0.08763302675798011,0.08720338355088281,0.37455328766888096,0.38446971871086183
small_63,92,2026-01-02,596,0.9714613156148527,0.11720207325134077,0.11523025298381782,0.23928125139202702,0.24388223118664662
small_63,93,2026-02-02,596,0.9693922204419604,0.09742886464046903,0.09537094227413735,0.35685166404238444,0.3643332591306362
small_63,94,2026-03-02,596,0.9583613584238359,0.1374642843374841,0.1358640155610269,0.4647298366719772,0.4704874379841484
small_63,95,2026-04-01,597,0.9657975815724626,0.1010331910458524,0.10004810643427145,0.36131185562544976,0.3718646871571372
small_63,96,2026-05-01,597,0.9632494323176363,0.10919033409314599,0.10743829858149433,0.3966174658554405,0.40936358821920976
small_63,97,2026-06-01,597,0.9663919837616519,0.14551038144929032,0.14528925210961796,0.45548027455118095,0.4730926048481696
small_63,98,2026-07-01,598,0.9545525971588169,0.04150200057276762,0.04305638430402756,0.29551358575643466,0.2984165750579999
small_252,1,2019-03-01,506,0.9920495144454796,0.09851180997761257,0.09720103905009903,0.11749495615716593,0.11857475836361084
small_252,2,2019-04-01,507,0.9923114407593147,0.08101489213257616,0.08055884894964897,0.10635769984147347,0.10696456386624134
small_252,3,2019-05-01,508,0.9920982694695872,0.10392450759605634,0.10315535895779362,0.09235043488688394,0.09233477971087417
small_252,4,2019-06-03,512,0.9927952197179417,0.0903529692117183,0.09016448403732338,0.15618817156842846,0.15640730131095198
small_252,5,2019-07-01,513,0.9931835980209094,0.07165386628965911,0.07107968462125602,0.0849079349271485,0.08609972509986057
small_252,6,2019-08-01,513,0.9932743077027696,0.14960166258105206,0.14859654697709715,0.09584912593300593,0.09700279839401643
small_252,7,2019-09-03,516,0.9940389082693426,0.07465735559522546,0.07379395377939232,0.09352744568753601,0.0949639762540489
small_252,8,2019-10-01,517,0.9944529770338499,0.06882758806966784,0.06843393539103333,0.08343514545750172,0.0839267813051827
small_252,9,2019-11-01,519,0.9941411984765235,0.06900474299503152,0.06913713599976569,0.10045831649360673,0.1007828775598405
small_252,10,2019-12-02,521,0.9939316817255819,0.05260822845236572,0.05277929149362026,0.13948010258024318,0.13819323606504544
small_252,11,2020-01-02,521,0.9927441297809605,0.08586892989668822,0.08553968699546284,0.1455548687523584,0.14626280439629058
small_252,12,2020-02-03,521,0.9924352223239131,0.2530202755143357,0.2529929904060454,0.09164442576694265,0.09198317560963734
small_252,13,2020-03-02,521,0.9931697845969555,1.1173761866941743,1.1185871817345412,0.17468082632373255,0.1752187717534302
small_252,14,2020-04-01,522,0.9972709854814539,0.44086672575584696,0.4402362939801329,1.1609990901123335,1.1685368684932074
small_252,15,2020-05-01,524,0.9974847508212267,0.34182925399218334,0.34128427648369725,0.19205787979711803,0.1923522339040708
small_252,16,2020-06-01,525,0.9975365863788311,0.3202118299612546,0.3197076166623149,0.13368556830674438,0.13412296190721595
small_252,17,2020-07-01,527,0.9976596583831183,0.168638642464553,0.16841161389784423,0.09979714102134725,0.09986886408129847
small_252,18,2020-08-03,527,0.9976386740045785,0.10266112927946575,0.1025060282570446,0.06532827015686869,0.06525906984409964
small_252,19,2020-09-01,527,0.9975725150505759,0.19609181170636683,0.1959771691104458,0.059430816571735,0.059555638945741035
small_252,20,2020-10-01,528,0.9975709632860905,0.17631507340826932,0.17616101276004936,0.05060090276466113,0.05068547251634222
small_252,21,2020-11-02,530,0.9975496024868296,0.21792018072117011,0.21749212646990165,0.046849428210008454,0.04684897485755722
small_252,22,2020-12-01,530,0.9975736460944874,0.11849712083692467,0.11840148568685513,0.09567913770755473,0.09592021863167259
small_252,23,2021-01-04,530,0.9975600206299557,0.18618646738738942,0.18594319882977214,0.032778793946703584,0.03284108846561978
small_252,24,2021-02-01,531,0.9975080829402302,0.16973620318905555,0.16960396249410103,0.06781812855922692,0.06800556648173148
small_252,25,2021-03-01,532,0.9974929732212063,0.18485703954192917,0.18467831865093223,0.054345073491035706,0.05447962294341362
small_252,26,2021-04-01,532,0.9966820971078113,0.09762771242310454,0.09743525987801106,0.34120124081785563,0.34195637156385367
small_252,27,2021-05-03,533,0.9961637635967302,0.1484327488006259,0.14825706650335402,0.1926010038595416,0.19309731474633035
small_252,28,2021-06-01,533,0.9956995523794676,0.11296069859738889,0.11279817867359004,0.13353926706833788,0.13388580025247893
small_252,29,2021-07-01,534,0.9946038019445184,0.1303375928538811,0.12994286237233904,0.1410186001366796,0.1414885198881122
small_252,30,2021-08-02,535,0.9947089297464462,0.11297288147069474,0.11278201911884697,0.08864123578978632,0.08889103788971472
small_252,31,2021-09-01,538,0.9949784379624883,0.1188442938511542,0.11862956292226767,0.09745750663587598,0.09792836951544859
small_252,32,2021-10-01,541,0.9949299870084481,0.10416663859890457,0.10400217324554765,0.11120633529788262,0.11189576443188176
small_252,33,2021-11-01,544,0.9946840395473933,0.14167053327945472,0.1414479683675186,0.08511354800569912,0.08509502586322237
small_252,34,2021-12-01,544,0.9939025423153742,0.14564367214615512,0.1452574971338079,0.3076123684629257,0.309575661143081
small_252,35,2022-01-03,545,0.9943662590477298,0.14047919705933457,0.14014546138767486,0.119188117728867,0.1198331687396184
small_252,36,2022-02-01,546,0.9945920898052656,0.1527387918232854,0.1523494796655703,0.17097279339711546,0.17156398053605681
small_252,37,2022-03-01,548,0.9943542264957662,0.14731870750499476,0.14688373837699678,0.1396474427794709,0.14020340273060555
small_252,38,2022-04-01,550,0.9944174549467679,0.1581520969330071,0.15786188338293333,0.16765164365114332,0.16874493296059356
small_252,39,2022-05-02,553,0.9946651132576629,0.1837580710673333,0.1832503276616816,0.132698809215392,0.13349410144930104
small_252,40,2022-06-01,555,0.9951937627525542,0.23057622514230885,0.23018008024939357,0.17343947717259922,0.17457907830569652
small_252,41,2022-07-01,562,0.9956210106201867,0.131896157355772,0.13165056428648533,0.15093535190975393,0.15186437201174718
small_252,42,2022-08-01,565,0.9957399292656923,0.14566087147426296,0.14544416040773225,0.09709695052416102,0.09768450771333738
small_252,43,2022-09-01,566,0.9958613587793504,0.208481697088861,0.20824234495631722,0.09665990666476057,0.09719393985322752
small_252,44,2022-10-03,569,0.9960837905812325,0.23596752689453182,0.23588499966964363,0.11669451302530211,0.11727543888662602
small_252,45,2022-11-01,572,0.9963433546016528,0.20666180189522565,0.20638506212441096,0.10146501978995728,0.10177116384338819
small_252,46,2022-12-01,572,0.99658601195013,0.15599849785789344,0.155870032116327,0.114774439948065,0.11525646207589807
small_252,47,2023-01-03,573,0.996527460582559,0.16088678761554143,0.16086130017920344,0.06169744451346949,0.06192649390387423
small_252,48,2023-02-01,573,0.9964825079488159,0.1308398928305472,0.1307191766077875,0.08084988091822834,0.0810739211390594
small_252,49,2023-03-01,573,0.996448607989271,0.23934527109249265,0.239253213714767,0.0829251297962768,0.083027847558478
small_252,50,2023-04-03,574,0.9964235448068743,0.13089739306572942,0.1307478146106637,0.15967333464904757,0.16021207548261351
small_252,51,2023-05-01,574,0.9963448346808155,0.16139415940849453,0.1612066610621078,0.08712474406111616,0.08752903277895421
small_252,52,2023-06-01,574,0.9959443811410195,0.20203149637976378,0.2016364921689437,0.2276865301769454,0.22967120011887415
small_252,53,2023-07-03,574,0.9957035110293582,0.09432072725339949,0.0941850023334353,0.19205206435898098,0.19248472803724442
small_252,54,2023-08-01,574,0.995567624509528,0.09538427149144459,0.09533727182955289,0.10581020748009248,0.10640017428806794
small_252,55,2023-09-01,574,0.995235934288007,0.11819475227546006,0.11796027650484817,0.11541572990895804,0.11595911303100297
small_252,56,2023-10-02,574,0.9948897635038383,0.14218082666995452,0.1420117395552119,0.12098092781420114,0.12198195122436319
small_252,57,2023-11-01,575,0.9943221810281699,0.1801756498440523,0.17962928355659594,0.15295723670422604,0.15359532345887347
small_252,58,2023-12-01,576,0.9944515569865272,0.1404620242366639,0.14022727562424786,0.22869886511841817,0.22949757686707856
small_252,59,2024-01-02,577,0.9946313674568287,0.13979526321769975,0.13952305764361503,0.12803990041796773,0.12882571611988747
small_252,60,2024-02-01,577,0.9947040679761944,0.15961166807834087,0.15925525048856515,0.09352000826109608,0.09465303129940164
small_252,61,2024-03-01,577,0.9946713117057205,0.11412560028954478,0.11385827522739855,0.1338396116687668,0.13448983672434395
small_252,62,2024-04-01,578,0.9943214798615405,0.13278209178033787,0.132457841073989,0.12999842920005059,0.13092109592854675
small_252,63,2024-05-01,578,0.9944235746578955,0.1067558563765673,0.10664177366698022,0.11290807800913602,0.11362506261326058
small_252,64,2024-06-03,579,0.9941754437945035,0.09372096940384227,0.09343187954004867,0.13935886657641602,0.1404942524205661
small_252,65,2024-07-01,582,0.9937316284926786,0.17141435823681792,0.17096892119071813,0.11963729333846927,0.12035671750481067
small_252,66,2024-08-01,582,0.9941039785259653,0.18439694031641263,0.18387297580801662,0.15213044603080603,0.15302128495839984
small_252,67,2024-09-03,583,0.9947381045148357,0.1106144613312312,0.11029943164226613,0.1556420893514614,0.15629777675428452
small_252,68,2024-10-01,585,0.9945714024680696,0.1166818705789276,0.1165070743115659,0.08232200167104453,0.08266179716373429
small_252,69,2024-11-01,586,0.9944531835507368,0.1836079945212377,0.1830021354078401,0.14723129420264458,0.14778196706835878
small_252,70,2024-12-02,587,0.9941054233493399,0.12504644908280824,0.12481387055772657,0.2418610281378259,0.24331160161320445
small_252,71,2025-01-02,587,0.9938220860914875,0.15024855169247936,0.15030691540475621,0.12574082378234683,0.12692594421270556
small_252,72,2025-02-03,588,0.9935384890929855,0.10862829079943456,0.10838242837929868,0.09307969379850997,0.09330406112232553
small_252,73,2025-03-03,588,0.9932406975533167,0.13991348749002017,0.13957082379392005,0.16660622050174184,0.1678089912472334
small_252,74,2025-04-01,588,0.9934169472813049,0.3220908402711855,0.32081752668865093,0.12841501405420458,0.12939709908619496
small_252,75,2025-05-01,588,0.9953044734913177,0.15722975905687683,0.15696830843716444,0.29332895724788344,0.29322266852871426
small_252,76,2025-06-02,588,0.9955787577676276,0.12069807785854679,0.1204651400845661,0.10239268988891789,0.10295511788809006
small_252,77,2025-07-01,590,0.9956343295883439,0.11873752375929271,0.11853306146020019,0.062415489353652334,0.06263040460910077
small_252,78,2025-08-01,591,0.9955563023414052,0.14648070300158422,0.14607880200402215,0.11151427294322036,0.11148742375326129
small_252,79,2025-09-02,591,0.9954083586952697,0.10859293447700848,0.1083663850636153,0.10375508644367135,0.10398058372836483
small_252,80,2025-10-01,593,0.9953000707946471,0.10923712698845424,0.10893848620642196,0.057414747336963216,0.05782317202352829
small_252,81,2025-11-03,594,0.9952866820528853,0.13073759209784017,0.13036390841363532,0.09206078243349397,0.09206734318428961
small_252,82,2025-12-01,594,0.9952816847382134,0.08910884607151458,0.08904155577697287,0.19468872367136436,0.19535999857951758
small_252,83,2026-01-02,594,0.9951748055012892,0.12190035601818279,0.1214726672732553,0.06375424294604783,0.06386780636675685
small_252,84,2026-02-02,594,0.9952522238001309,0.09010099060900702,0.08977469444216035,0.09106481608817663,0.09122296563246865
small_252,85,2026-03-02,595,0.9950452558226258,0.12802014841340761,0.12788726248621266,0.1109622157868613,0.11069766743289368
small_252,86,2026-04-01,595,0.9950182352382956,0.1081341997882515,0.10797936721152601,0.08809766204201117,0.08801828853363403
small_252,87,2026-05-01,595,0.9923314435796405,0.10199128102361807,0.10155025007997152,0.2437479301424358,0.24521173309802985
small_252,88,2026-06-01,595,0.991410336895673,0.1397218893100851,0.13985110436567283,0.12516783855468974,0.12622827238405718
small_252,89,2026-07-01,596,0.9910036511799624,0.07246307321272846,0.07359089768221054,0.08863493702991299,0.08975196151465883
