Date,pairs_net
2019-01-07,-0.000494044711433761
2019-01-08,0.0003421386708441276
2019-01-09,0.0008578304990297103
2019-01-10,0.0007705737919106825
2019-01-11,0.0004925522338871047
2019-01-14,0.0003366056894627367
2019-01-15,-0.0008233118958010021
2019-01-16,0.0011018820778925264
2019-01-17,0.0014716909531376787
2019-01-18,0.0005738918246329972
2019-01-22,-0.0010340478187520375
2019-01-23,0.0012680825792367601
2019-01-24,0.00015937892378921735
2019-01-25,0.0006965218172666754
2019-01-28,9.747580933113343e-05
2019-01-29,0.0005055165436689024
2019-01-30,0.00039298754731511345
2019-01-31,-0.0015308765944554682
2019-02-01,0.0007732518309834235
2019-02-04,-0.00035947341592052374
2019-02-05,0.000990404499382911
2019-02-06,-0.000516712751302757
2019-02-07,-8.854371224188195e-05
2019-02-08,0.0007616524308300576
2019-02-11,-0.00041118573036758255
2019-02-12,0.0002858898418693667
2019-02-13,0.0005824328890287412
2019-02-14,0.0003611751818137399
2019-02-15,0.0003442694489068332
2019-02-19,-0.0005267924693762716
2019-02-20,0.0009948831126625301
2019-02-21,-0.00026166033171736157
2019-02-22,0.00011818280228006018
2019-02-25,0.002074489696286348
2019-02-26,-0.0007349264525161558
2019-02-27,0.0005084236010324795
2019-02-28,-0.000613639724256223
2019-03-01,2.730701352626763e-06
2019-03-04,0.0017159708087461168
2019-03-05,-0.00035763435171946465
2019-03-06,-0.0006037310459059042
2019-03-07,-0.00027186901174307775
2019-03-08,1.8679050777803408e-05
2019-03-11,0.00040372815086378247
2019-03-12,-0.002099736198311937
2019-03-13,7.850254323251926e-05
2019-03-14,0.0008818481240754617
2019-03-15,-0.0004222870631136644
2019-03-18,-0.00012119613854729704
2019-03-19,-0.00029694308869810727
2019-03-20,-0.00020295327204769006
2019-03-21,-0.0007234402164677789
2019-03-22,-0.0012028351784592385
2019-03-25,0.0008915789559915965
2019-03-26,-0.0008032403638454588
2019-03-27,-2.950326400761094e-05
2019-03-28,0.0008901783837398259
2019-03-29,0.0005344358069986477
2019-04-01,0.0018899645346719617
2019-04-02,-0.0009564889970858692
2019-04-03,0.00041983324466516204
2019-04-04,0.0006432430902402708
2019-04-05,0.0005407369834283893
2019-04-08,0.00014849137555797976
2019-04-09,-0.0003049568226627164
2019-04-10,0.0005418531320950403
2019-04-11,-0.0006584101700188261
2019-04-12,0.0011590880984116382
2019-04-15,0.0002458338710955799
2019-04-16,0.0013916273760510034
2019-04-17,1.4665162567757407e-05
2019-04-18,-0.0010774034844500812
2019-04-22,-0.0005181757602791071
2019-04-23,-0.0009755300838137293
2019-04-24,-0.00036822982465122277
2019-04-25,-0.0005833854224008017
2019-04-26,-0.0002526771512988768
2019-04-29,0.0005166752390962582
2019-04-30,-0.00023979532521657633
2019-05-01,5.273363059120184e-05
2019-05-02,0.00040643210953933195
2019-05-03,0.0009044728018812598
2019-05-06,-0.0005018054150074147
2019-05-07,-0.0009578220716042152
2019-05-08,-0.00023967017900178967
2019-05-09,-0.0011254486835770038
2019-05-10,-0.0012715632953993184
2019-05-13,-0.0013899926886160173
2019-05-14,-0.0005169033276395841
2019-05-15,-0.0005519748374606181
2019-05-16,-0.0004170695753592368
2019-05-17,-0.0003062298259051377
2019-05-20,-0.0018207200669980428
2019-05-21,0.0012683699552457938
2019-05-22,-0.000911181860568302
2019-05-23,0.000170666869249958
2019-05-24,-0.0006642005549941299
2019-05-28,-0.001478815341970221
2019-05-29,-7.738583371611263e-05
2019-05-30,-0.0028125812727595647
2019-05-31,0.0009550180161822386
2019-06-03,-0.0003735767073047591
2019-06-04,0.001367411193894279
2019-06-05,-0.0020898824373174786
2019-06-06,0.0002770850018508919
2019-06-07,-0.00025912641427560334
2019-06-10,-0.0006039864870146006
2019-06-11,-0.0009977686187945477
2019-06-12,-0.00193291889133544
2019-06-13,0.00017207018880440294
2019-06-14,-0.0010460513030265584
2019-06-17,0.0023267070160428484
2019-06-18,-0.0009616472170495971
2019-06-19,-0.001386834951888738
2019-06-20,0.0010109463598227952
2019-06-21,-0.0016146710094092941
2019-06-24,0.00047720398127817367
2019-06-25,0.0017663479902075441
2019-06-26,-8.06567701842531e-05
2019-06-27,0.0015830193309296226
2019-06-28,-0.0022419039949814136
2019-07-01,2.54834439949958e-05
2019-07-02,-0.000333013324864635
2019-07-03,0.0007925671857370431
2019-07-05,-0.00017497609387784774
2019-07-08,0.0
2019-07-09,0.00029115438815626506
2019-07-10,0.00013355532421001072
2019-07-11,-8.927153451341979e-05
2019-07-12,-5.594192981614342e-05
2019-07-15,-0.0005216566927551436
2019-07-16,5.947778302122009e-05
2019-07-17,-2.0918543178045628e-05
2019-07-18,-5.982813333534453e-05
2019-07-19,-0.0008662983467514107
2019-07-22,-0.00042091166310044727
2019-07-23,-0.0008399488230629193
2019-07-24,-0.00030053548052798583
2019-07-25,0.001908965743591673
2019-07-26,-0.0017305196383437128
2019-07-29,-0.0010873569072849664
2019-07-30,6.046368193324936e-05
2019-07-31,-0.0014611087428859327
2019-08-01,-0.0016472649284347484
2019-08-02,-0.000746235209896271
2019-08-05,-0.0007198874469359385
2019-08-06,-0.001575206508173579
2019-08-07,-0.0017296279719809981
2019-08-08,-0.0018081820627972145
2019-08-09,-0.0013707821862696213
2019-08-12,-0.001208841104038909
2019-08-13,0.000539084281678468
2019-08-14,-0.003737702735182149
2019-08-15,-0.0017672052373264213
2019-08-16,0.0025272059250255486
2019-08-19,-0.0003911120691774772
2019-08-20,-0.0018906704690278197
2019-08-21,-0.00042388227499339903
2019-08-22,-0.0017524215685828137
2019-08-23,-0.003275863436914157
2019-08-26,-0.0007540404161015802
2019-08-27,-0.0012773388574661747
2019-08-28,-0.0004036093646094607
2019-08-29,0.001976688412708756
2019-08-30,0.001456878965902122
2019-09-03,-0.0005195583470330089
2019-09-04,0.0008503841046879867
2019-09-05,0.002746070161658152
2019-09-06,0.002493756028514411
2019-09-09,0.0044945837142166935
2019-09-10,0.004055435512793109
2019-09-11,0.00034526940026287313
2019-09-12,8.700203769725911e-05
2019-09-13,0.000772020510762319
2019-09-16,0.0005186807435833285
2019-09-17,-0.002721896710001961
2019-09-18,0.002018136366126331
2019-09-19,-0.0005243802911277218
2019-09-20,0.002976292008676189
2019-09-23,3.124126160872098e-05
2019-09-24,-0.0003965430942341719
2019-09-25,-0.0006123326416570985
2019-09-26,-0.00030663116837053694
2019-09-27,0.00029933540326663175
2019-09-30,-0.0002464618321568568
2019-10-01,-0.0017918803998753674
2019-10-02,0.0004680414506738173
2019-10-03,-0.002307236909825483
2019-10-04,-0.0012320742312897704
2019-10-07,0.0014507922219879998
2019-10-08,-0.00269619591108488
2019-10-09,-0.0018438282994189615
2019-10-10,-0.0010203885313995475
2019-10-11,0.0028450680715497167
2019-10-14,-0.0008042131529948526
2019-10-15,0.001191418305391021
2019-10-16,-0.003050750822557162
2019-10-17,-0.0017969014606600254
2019-10-18,0.001584572772499322
2019-10-21,0.00016553344634720802
2019-10-22,0.0004772194049420908
2019-10-23,0.0005982089426715875
2019-10-24,-9.233973528467443e-05
2019-10-25,6.12960096937698e-05
2019-10-28,0.0003848004164142682
2019-10-29,-8.355785118494553e-05
2019-10-30,0.0001569707158716671
2019-10-31,-0.0064525043392179215
2019-11-01,0.0021319810917973083
2019-11-04,0.001348359161606627
2019-11-05,0.00153979750596813
2019-11-06,0.001859760941779447
2019-11-07,0.0018508316174357597
2019-11-08,0.0017899968817962032
2019-11-11,0.0010229544576537707
2019-11-12,-0.0004306910702597966
2019-11-13,-0.00034410765885049653
2019-11-14,0.0010954017487425417
2019-11-15,0.0008764439838607086
2019-11-18,-0.0009782786565626811
2019-11-19,9.560254729086281e-05
2019-11-20,-0.0022164553765509744
2019-11-21,-0.0009680047433673478
2019-11-22,-0.0001906489784480714
2019-11-25,-0.0010727763647102129
2019-11-26,-0.0007257773003512691
2019-11-27,0.0001774823912677692
2019-11-29,0.0005985525945135284
2019-12-02,-0.0007424455408125485
2019-12-03,0.00025108444627078616
2019-12-04,0.00028634448497793396
2019-12-05,0.0007140120374243652
2019-12-06,0.0004891672185871033
2019-12-09,0.0010861824595287462
2019-12-10,0.0008639011562427323
2019-12-11,-0.0009815764033493846
2019-12-12,0.0008493423047356696
2019-12-13,0.00037072647636387845
2019-12-16,0.002178312649071903
2019-12-17,0.000502183327121819
2019-12-18,0.0001369428184130661
2019-12-19,-0.0010446808066513435
2019-12-20,2.4327338715697254e-05
2019-12-23,0.0017827024081413167
2019-12-24,-0.0019444888539875737
2019-12-26,-0.0011873714928767498
2019-12-27,0.00021083672446797096
2019-12-30,0.0014332517527290056
2019-12-31,0.0008309578620656577
2020-01-02,0.0008849228184182301
2020-01-03,-0.0018830954444075164
2020-01-06,0.0
2020-01-07,-7.814385150629596e-05
2020-01-08,-0.00016013599265714883
2020-01-09,-0.000257568410851714
2020-01-10,-0.00014335645752068692
2020-01-13,-0.00019314222294289243
2020-01-14,-7.459273027037971e-05
2020-01-15,0.00027614383236078453
2020-01-16,2.4922947771606195e-05
2020-01-17,-0.000680256507061332
2020-01-21,-5.5092009935688855e-05
2020-01-22,0.0008098346457100081
2020-01-23,-0.0006769686933902097
2020-01-24,-0.0018829859439851448
2020-01-27,-0.0012544970816453338
2020-01-28,0.0010065680035362522
2020-01-29,-0.0006121472198008804
2020-01-30,0.0008308809055448019
2020-01-31,-0.0026726531426186327
2020-02-03,0.0004582501223202651
2020-02-04,0.0034801814038950864
2020-02-05,0.0013677503966938276
2020-02-06,-0.0010745558258507648
2020-02-07,0.00039436478321296374
2020-02-10,0.00019700981098591086
2020-02-11,-0.0009468188078610029
2020-02-12,0.0014652824363660954
2020-02-13,-0.00033093591098120267
2020-02-14,-0.0013014079603208461
2020-02-18,-0.00027338324135555147
2020-02-19,0.0012378768616087266
2020-02-20,-0.0009234170493671435
2020-02-21,-0.00243213686994878
2020-02-24,-0.00270838465879786
2020-02-25,-0.0006148999986123438
2020-02-26,-0.0032616876559664098
2020-02-27,0.002230366781100761
2020-02-28,0.0006167566987805539
2020-03-02,-0.006558085970438148
2020-03-03,-0.006097812239134499
2020-03-04,-0.006368971317732346
2020-03-05,-0.006526317954716896
2020-03-06,0.005132133526295079
2020-03-09,-0.011623892042155089
2020-03-10,0.004188312949575259
2020-03-11,0.00011033354237118598
2020-03-12,-0.00720689812315211
2020-03-13,0.0009351283100798114
2020-03-16,-0.012790414604125784
2020-03-17,-0.011679720890643864
2020-03-18,-0.02181277479185063
2020-03-19,0.041256892087211776
2020-03-20,0.008837272660203961
2020-03-23,0.015204140735028624
2020-03-24,-0.006502552048588137
2020-03-25,0.00522964675643792
2020-03-26,0.013083307221852573
2020-03-27,-0.0033760918708924527
2020-03-30,-0.007685994050816889
2020-03-31,0.010407836388583436
2020-04-01,-0.013036283951865665
2020-04-02,-0.002426667408853347
2020-04-03,-0.007192919552912637
2020-04-06,0.017304197997638885
2020-04-07,0.008681117222977574
2020-04-08,0.0022787589314331156
2020-04-09,0.0076037733030782295
2020-04-13,-0.0031464121533870326
2020-04-14,-0.005654595609718855
2020-04-15,-0.007283812929696649
2020-04-16,-0.01001680936037438
2020-04-17,0.018343084703397988
2020-04-20,0.005791152160449859
2020-04-21,-0.00534014459864324
2020-04-22,0.0035482815791657487
2020-04-23,0.001882724410002632
2020-04-24,0.00631842243227797
2020-04-27,0.010499991072203552
2020-04-28,0.0025776522431539828
2020-04-29,0.009210642153134779
2020-04-30,-0.006578499038448045
2020-05-01,-0.005268110808007498
2020-05-04,-0.004738569422101831
2020-05-05,-0.005566350749637512
2020-05-06,0.0013145914846026119
2020-05-07,0.005003445128531521
2020-05-08,0.008900636151266829
2020-05-11,-0.006309933217569697
2020-05-12,-0.005216368235618493
2020-05-13,-0.0054079433800061595
2020-05-14,0.008391908516623001
2020-05-15,-0.0027211042914759022
2020-05-18,0.008909332768135887
2020-05-19,-0.0034112333202892444
2020-05-20,0.004380001251676114
2020-05-21,0.0022376777355284784
2020-05-22,-0.00015764814963917573
2020-05-26,0.00847613509238681
2020-05-27,0.002734203245123854
2020-05-28,-0.003334796155450892
2020-05-29,-0.004404445782651456
2020-06-01,-0.0015002854125919418
2020-06-02,-0.0012801687474092228
2020-06-03,0.006559121963615338
2020-06-04,0.00496429581859521
2020-06-05,0.00926533713548957
2020-06-08,-0.00024660717981845215
2020-06-09,-0.0023191705829921183
2020-06-10,-0.005083074879150548
2020-06-11,-0.00795660193296021
2020-06-12,0.0057291281683822136
2020-06-15,0.0033582253475118607
2020-06-16,0.0021513726580560167
2020-06-17,-0.006532868338496303
2020-06-18,-0.0004891271721910618
2020-06-19,-0.0060224018938166
2020-06-22,-0.00015756276272386183
2020-06-23,0.0003102767106906357
2020-06-24,-0.0033087203774538445
2020-06-25,0.005511706068140773
2020-06-26,-0.011863329519222527
2020-06-29,0.010345935862602103
2020-06-30,0.002063654568423048
2020-07-01,-0.005924085445766248
2020-07-02,-0.000961485079650346
2020-07-06,9.535201533281911e-05
2020-07-07,0.0
2020-07-08,0.0002334339197537361
2020-07-09,-0.0010156001916747349
2020-07-10,-0.0012442341998504204
2020-07-13,0.0011191403278990309
2020-07-14,0.0010758970859970729
2020-07-15,0.0022415987613469903
2020-07-16,-0.001040852250766644
2020-07-17,-0.0004957830260540774
2020-07-20,-0.0006198639263683936
2020-07-21,0.004713395620975867
2020-07-22,-0.002664416433694554
2020-07-23,0.00046423924489412014
2020-07-24,0.0006203080122697857
2020-07-27,0.00027620016725308003
2020-07-28,-0.0004571514300571611
2020-07-29,-0.011708326465748877
2020-07-30,-0.0030500967943958377
2020-07-31,0.00755081798549833
2020-08-03,0.000927256512049699
2020-08-04,0.0029408724940322385
2020-08-05,-0.00017221727510368767
2020-08-06,0.0005431646152151393
2020-08-07,0.0013934606217475753
2020-08-10,0.0032486663439225947
2020-08-11,-0.0008019099048660916
2020-08-12,-0.0013899506100132086
2020-08-13,-0.0020153145633604354
2020-08-14,0.001451142274242845
2020-08-17,-0.0015728401075164222
2020-08-18,-0.0004313092670162422
2020-08-19,-0.003535134004377749
2020-08-20,-0.0007081304735436466
2020-08-21,-0.001513665320519848
2020-08-24,-0.0004649978362919249
2020-08-25,0.001868824984727584
2020-08-26,0.0007433495815883439
2020-08-27,0.0025276237743468676
2020-08-28,-0.0008854289508714541
2020-08-31,0.00037320822573358556
2020-09-01,0.000956958896135598
2020-09-02,-0.00046545057626911523
2020-09-03,0.0017415393265152778
2020-09-04,0.001993681023845524
2020-09-08,-0.002282147736246272
2020-09-09,-0.0027115218150871256
2020-09-10,0.004339898820903394
2020-09-11,-0.0035536298129650425
2020-09-14,-0.0026437968632978424
2020-09-15,-0.0029491869246483214
2020-09-16,-0.0007884318214083419
2020-09-17,0.0006752922298338415
2020-09-18,-0.0030715787412974715
2020-09-21,0.0038096317853621863
2020-09-22,0.005520451829599116
2020-09-23,-0.0008165636867713832
2020-09-24,0.0012323135430914146
2020-09-25,-0.002538585885073814
2020-09-28,0.0016333729961237253
2020-09-29,-0.0014275671297726267
2020-09-30,-0.00036722677547946337
2020-10-01,-0.0021323092057710215
2020-10-02,0.002429879897734066
2020-10-05,-0.0021202152558656364
2020-10-06,0.001366191320570349
2020-10-07,-0.0025348671669076996
2020-10-08,-0.002053446295640038
2020-10-09,0.00016071392892315738
2020-10-12,0.0023404267754818255
2020-10-13,-0.003938321085587951
2020-10-14,-0.00037943799282532666
2020-10-15,0.0016923138401843496
2020-10-16,5.077071743194272e-05
2020-10-19,-0.002288352330616206
2020-10-20,0.0036873834060326227
2020-10-21,-0.000703222023715635
2020-10-22,0.00227284514989168
2020-10-23,0.0049585600621475856
2020-10-26,4.299850850218556e-05
2020-10-27,6.815057529443891e-05
2020-10-28,0.0003474016385597367
2020-10-29,-0.0024982192772610955
2020-10-30,0.0006386457928801837
2020-11-02,0.0013675505833280366
2020-11-03,0.006574944023711562
2020-11-04,-0.001256754416643946
2020-11-05,-0.0034934927608319486
2020-11-06,0.0004193087893733161
2020-11-09,-0.0028395722117682686
2020-11-10,0.005298889620477463
2020-11-11,0.006062972019452253
2020-11-12,0.0025013983169733687
2020-11-13,-0.0019964449270060626
2020-11-16,-0.0028668668704151744
2020-11-17,0.0019178039881973463
2020-11-18,0.0023815106510079874
2020-11-19,0.000692034289061323
2020-11-20,0.0021069778410258942
2020-11-23,0.000697047806467328
2020-11-24,0.0050714419221641795
2020-11-25,-0.0015221067232723874
2020-11-27,0.0012703223639288818
2020-11-30,0.0004206961949796506
2020-12-01,-0.00015729932479237706
2020-12-02,-0.00312210312982526
2020-12-03,0.0011071060039643066
2020-12-04,0.004800074320853834
2020-12-07,-0.004225391601729376
2020-12-08,0.0030295647383348423
2020-12-09,0.0007581780602628574
2020-12-10,0.0020099601924581465
2020-12-11,-0.0014915054425548191
2020-12-14,0.002307146494552057
2020-12-15,-0.0015522218355307248
2020-12-16,0.0010569203649971137
2020-12-17,0.0038187644898759142
2020-12-18,-0.0027893137633687435
2020-12-21,0.0025578450110323157
2020-12-22,-0.004323689622553846
2020-12-23,0.0011590453218936147
2020-12-24,-0.0011476299804565127
2020-12-28,0.0022373831558594004
2020-12-29,-0.00014311278778964987
2020-12-30,-0.0037143261724812927
2020-12-31,0.0004423388763916858
2021-01-04,-0.00012530415017167673
2021-01-05,0.0
2021-01-06,-0.0025761597246916844
2021-01-07,-0.0010062641338582656
2021-01-08,0.0019872517635100982
2021-01-11,-0.0013746996435938508
2021-01-12,-0.00019297483740486675
2021-01-13,0.001645000026886998
2021-01-14,-0.0013163216561768109
2021-01-15,0.0009624304960622343
2021-01-19,0.0010657858411043941
2021-01-20,2.2760023627199642e-06
2021-01-21,0.0016568163387887603
2021-01-22,0.0018871278669686275
2021-01-25,0.000992177574571198
2021-01-26,0.0014411641487474692
2021-01-27,0.0020883046550847608
2021-01-28,-0.00048232143537241034
2021-01-29,0.0008322628841227431
2021-02-01,0.0006983942209692429
2021-02-02,0.0004488689441599103
2021-02-03,5.6751163104014066e-05
2021-02-04,0.00042849050965160896
2021-02-05,-0.0007599876803409189
2021-02-08,-0.000705602729482353
2021-02-09,7.707864143631449e-05
2021-02-10,0.0021450632788216615
2021-02-11,0.0002692792146392842
2021-02-12,-0.0008872321165355523
2021-02-16,-0.0032229159506496964
2021-02-17,0.001853962749053013
2021-02-18,0.002770905781042432
2021-02-19,-0.002151987308988075
2021-02-22,0.0010765054055698097
2021-02-23,-0.0019923195350319456
2021-02-24,-0.00034539114867786046
2021-02-25,0.00047972386129515156
2021-02-26,0.0006855468956218424
2021-03-01,-0.0005442600346078286
2021-03-02,-0.0006440647430527902
2021-03-03,0.0007725905425780822
2021-03-04,-3.269671373323124e-05
2021-03-05,0.0011603949574584993
2021-03-08,0.0015774320436344924
2021-03-09,-0.000854631276899398
2021-03-10,-0.001881886207600787
2021-03-11,-0.00216945825420519
2021-03-12,-0.0017041073249071737
2021-03-15,0.0020043195499406165
2021-03-16,-0.0010580860741747533
2021-03-17,0.0010250013148781578
2021-03-18,0.00101849010695654
2021-03-19,-0.0019354759428931035
2021-03-22,0.0032364802730690824
2021-03-23,0.002156858765737921
2021-03-24,0.001006342307219188
2021-03-25,-0.0022877189427398916
2021-03-26,0.00028512524043885714
2021-03-29,0.001418219976044237
2021-03-30,-0.00046472698731052863
2021-03-31,-0.0007226336316630766
2021-04-01,-0.0004683689094996879
2021-04-05,-0.00035232840352142467
2021-04-06,-0.0004048645559460784
2021-04-07,-0.0004530915405445124
2021-04-08,-0.0004847206547572713
2021-04-09,1.2505637976012452e-06
2021-04-12,0.0009458857477478033
2021-04-13,0.00210025042840744
2021-04-14,0.0003836261846516221
2021-04-15,0.0011251603313324043
2021-04-16,-0.0008541280878567848
2021-04-19,0.0010867641405961548
2021-04-20,0.0026800809018434155
2021-04-21,-0.0008359396436152733
2021-04-22,-0.0024790819145226717
2021-04-23,-0.004516357797533443
2021-04-26,0.0007988647199515863
2021-04-27,-0.0035388169716987017
2021-04-28,-0.00020675102875362006
2021-04-29,-0.0003167019450885844
2021-04-30,-0.0013918695337290933
2021-05-03,-0.00031173517059421616
2021-05-04,-0.0021090586928426314
2021-05-05,-0.0011463859337138937
2021-05-06,0.000354412273544642
2021-05-07,-0.0009690196551010599
2021-05-10,-0.0024162174689803862
2021-05-11,0.0015803028337090664
2021-05-12,-0.0005693315549098821
2021-05-13,0.0008013239761642676
2021-05-14,-0.00012405106411561784
2021-05-17,-5.93743165601901e-05
2021-05-18,0.0012435636729107768
2021-05-19,0.0008124271195444454
2021-05-20,0.00010312976693915843
2021-05-21,-0.0004544396709192688
2021-05-24,-0.0008805504613384762
2021-05-25,-0.00014763627689563962
2021-05-26,-0.0013047677313507333
2021-05-27,0.0008078988424352707
2021-05-28,-0.0001209840739531587
2021-06-01,0.00013256512993875313
2021-06-02,-0.00020624758982315416
2021-06-03,-0.0019210249294367944
2021-06-04,0.00017435170888225216
2021-06-07,-0.00013122554160152066
2021-06-08,-0.003642677982154807
2021-06-09,0.0009418724946666379
2021-06-10,-0.0002615049332563046
2021-06-11,-0.0013091726294981742
2021-06-14,0.0018556118771309049
2021-06-15,-0.0018469827637163404
2021-06-16,-0.001272711921821681
2021-06-17,0.000625586887420686
2021-06-18,0.0014824297447286194
2021-06-21,-0.0014510492131012253
2021-06-22,-0.0008693391665384942
2021-06-23,-0.0007313176620919948
2021-06-24,2.7171183406640154e-05
2021-06-25,-0.0014386491191525662
2021-06-28,0.0005212507521398591
2021-06-29,0.0022147723087259387
2021-06-30,-0.001079288632794737
2021-07-01,-0.0006485729821160602
2021-07-02,0.0010506166458235698
2021-07-06,0.0008746306122495696
2021-07-07,0.0
2021-07-08,-0.0001494435852685738
2021-07-09,0.0002636449859884382
2021-07-12,-0.0001467116601551077
2021-07-13,-0.000969733635859451
2021-07-14,-0.0006363115796777285
2021-07-15,-0.0003361321009956653
2021-07-16,-0.00012985640971282074
2021-07-19,-0.0008787335350518077
2021-07-20,0.0011897660105497953
2021-07-21,0.00041738179909607266
2021-07-22,-0.0005717402831663021
2021-07-23,-0.0004681911221566959
2021-07-26,-0.003823697651365887
2021-07-27,-0.0006131981693347677
2021-07-28,0.0004530974973671364
2021-07-29,0.0014676449033440009
2021-07-30,-0.0009808937259554562
2021-08-02,0.00016378361506373508
2021-08-03,-0.000887701624566648
2021-08-04,0.0001902195927565975
2021-08-05,0.00011827951945320603
2021-08-06,0.001305600541797387
2021-08-09,-0.0002448049430603216
2021-08-10,-0.00036393685938721274
2021-08-11,-0.00040187215891157146
2021-08-12,0.0005689352334968235
2021-08-13,0.0006177528534978994
2021-08-16,-0.0015934798758872137
2021-08-17,0.0003521697997805484
2021-08-18,-0.0014272225135688466
2021-08-19,-0.0016049192791610144
2021-08-20,-0.0003052924808147783
2021-08-23,-0.00035071263653730256
2021-08-24,-0.0007969400478828592
2021-08-25,0.0002793724793423591
2021-08-26,6.178851325044476e-05
2021-08-27,0.0015475513522022854
2021-08-30,0.0003681970446496963
2021-08-31,0.0004146894759818021
2021-09-01,-0.0015017211684444408
2021-09-02,7.057646525799876e-05
2021-09-03,-0.0013850461512839951
2021-09-07,-7.629239024647737e-05
2021-09-08,0.00031558028400243245
2021-09-09,0.0016577646450294714
2021-09-10,-0.002188191203276408
2021-09-13,-0.0006850082197438101
2021-09-14,-0.0007526081608249369
2021-09-15,0.0015995010946824517
2021-09-16,-0.0009402062081691764
2021-09-17,-0.0008661593568625236
2021-09-20,0.0017197612964343766
2021-09-21,2.0853605545581023e-05
2021-09-22,0.0004229177637476278
2021-09-23,0.002942852253369186
2021-09-24,0.0018752217902879308
2021-09-27,0.0019266384552091265
2021-09-28,0.0001968280577905457
2021-09-29,0.0004745064899003659
2021-09-30,0.0016670942545740331
2021-10-01,0.0008392792582196162
2021-10-04,0.0016061577634387603
2021-10-05,-0.0004930424329993732
2021-10-06,-0.0006283852105195553
2021-10-07,-0.001705714710300763
2021-10-08,-0.00034087368061930245
2021-10-11,-4.05489115934321e-05
2021-10-12,-0.0029100344160904413
2021-10-13,0.0021738652297648067
2021-10-14,0.0004934310765830463
2021-10-15,0.004996972745660937
2021-10-18,-0.0033655146894626055
2021-10-19,0.0006631982046457718
2021-10-20,-0.0013816168158166109
2021-10-21,-0.0017956255145251032
2021-10-22,-0.0036008408018382452
2021-10-25,-0.0004307194923064106
2021-10-26,-0.0011213142611012294
2021-10-27,0.0001435126312413737
2021-10-28,0.0006852062949814153
2021-10-29,-0.002916990950817193
2021-11-01,-0.000472002019943436
2021-11-02,-0.0014864706666732363
2021-11-03,0.00013777794941822964
2021-11-04,0.00028156114430263115
2021-11-05,0.0004776492667247867
2021-11-08,0.0001843430528522827
2021-11-09,0.001354740028804775
2021-11-10,-0.0009297431324369865
2021-11-11,-0.0035672503342043327
2021-11-12,0.0008738086657819077
2021-11-15,-0.0020355123160699117
2021-11-16,0.0013024121597226567
2021-11-17,0.0019472196653747863
2021-11-18,-0.0014668363162931475
2021-11-19,0.0014185436156629438
2021-11-22,0.0006519761449119055
2021-11-23,-2.029355434693514e-05
2021-11-24,-0.001769979427962347
2021-11-26,-0.0017603415991662196
2021-11-29,-0.0001194185675209325
2021-11-30,0.0017725120567641973
2021-12-01,0.0005399519244727968
2021-12-02,0.0006549806412590487
2021-12-03,-0.0003890898424059919
2021-12-06,0.002358775569708169
2021-12-07,-0.0012744729935356357
2021-12-08,0.002795346262868288
2021-12-09,0.0007954275339203454
2021-12-10,-0.002341112734564481
2021-12-13,0.0004947394797676719
2021-12-14,0.0013810320717640057
2021-12-15,0.0009153348273283357
2021-12-16,0.0004783896731939774
2021-12-17,-0.0001367221866960988
2021-12-20,0.000561912239706257
2021-12-21,0.0007549073623664526
2021-12-22,-0.0008473405793602784
2021-12-23,0.0013158518159535637
2021-12-27,-2.1289650177598317e-05
2021-12-28,0.0013679520202823858
2021-12-29,-0.002052979254639955
2021-12-30,0.00048319405935509874
2021-12-31,-0.0009501545352901863
2022-01-03,0.003254244191053641
2022-01-04,0.0
2022-01-05,0.0004160419075535127
2022-01-06,-0.0001458546360897417
2022-01-07,0.0011640437323202635
2022-01-10,0.0006109027799891642
2022-01-11,-0.000908686743004441
2022-01-12,-0.0005693065148567799
2022-01-13,-0.0010102667726389037
2022-01-14,-0.0037925841023428775
2022-01-18,-0.0009083974353821045
2022-01-19,0.00014174931807004354
2022-01-20,0.0016086087560886208
2022-01-21,0.0031219361595764706
2022-01-24,0.0022418889625136673
2022-01-25,-0.0026295943590231375
2022-01-26,-0.0026007948413145797
2022-01-27,-0.0016123297798411329
2022-01-28,-0.0002584569106330581
2022-01-31,0.0022200849636999087
2022-02-01,0.0008928353948480417
2022-02-02,-0.005332811268946431
2022-02-03,-0.0019958729336317393
2022-02-04,0.0010702764637187646
2022-02-07,0.002572865299258096
2022-02-08,0.00021212569218095333
2022-02-09,-0.002380357583193873
2022-02-10,-9.751232209518567e-05
2022-02-11,-0.0022172805290995123
2022-02-14,0.000889737196006466
2022-02-15,-0.0009940777341997608
2022-02-16,-0.0007843666435444918
2022-02-17,-0.0004055188685632283
2022-02-18,-0.0007163635801440727
2022-02-22,0.0030789080213363997
2022-02-23,-0.009459756016142296
2022-02-24,-0.0011246853071993712
2022-02-25,-0.0027135339467657137
2022-02-28,-0.0005689494628883685
2022-03-01,-0.0031205924550835908
2022-03-02,0.0004949387719912979
2022-03-03,0.0008423523885448514
2022-03-04,-0.0009063284837165964
2022-03-07,0.0023264639123604723
2022-03-08,0.0016277352894772967
2022-03-09,0.002850047178471258
2022-03-10,-0.002584409743983034
2022-03-11,-0.0013560313826979043
2022-03-14,0.002469433191271204
2022-03-15,0.0013206672032086476
2022-03-16,0.0017883851911676785
2022-03-17,0.0021756969530416035
2022-03-18,0.003839637460940142
2022-03-21,-0.0016954754580941222
2022-03-22,-0.0010495694812579792
2022-03-23,-0.0010384678318186413
2022-03-24,0.0012198463077856259
2022-03-25,-0.0019914761833032023
2022-03-28,0.0012325766759946543
2022-03-29,0.0012094357256537535
2022-03-30,0.00034555531606296654
2022-03-31,-0.0009256774573554383
2022-04-01,0.0014079392909640243
2022-04-04,0.00033074406938553345
2022-04-05,-0.0006592126269726339
2022-04-06,-0.00031729298267599846
2022-04-07,0.001039169147547301
2022-04-08,-0.0011659273564131611
2022-04-11,0.0010269363702525625
2022-04-12,-0.00023876928168137024
2022-04-13,-0.0010519976189759595
2022-04-14,0.0001013658144954288
2022-04-18,0.00090489156864908
2022-04-19,0.002425718267861896
2022-04-20,0.0004455443499245515
2022-04-21,0.004030369654608182
2022-04-22,-0.00010496870286874404
2022-04-25,0.00041364515868450355
2022-04-26,-0.0005876997582181764
2022-04-27,-0.002340858583151211
2022-04-28,0.0026532585289060083
2022-04-29,0.0009682365266012538
2022-05-02,0.002231798180137743
2022-05-03,0.0017267165473266544
2022-05-04,0.0006634748298484116
2022-05-05,0.001533629867086792
2022-05-06,0.001137936097374881
2022-05-09,0.0009181704495002818
2022-05-10,-0.0023033746721649708
2022-05-11,-0.0001523151444723414
2022-05-12,0.0021803855451984957
2022-05-13,-0.0005448674684516375
2022-05-16,0.0012343066644649836
2022-05-17,0.0016960739727565643
2022-05-18,0.0008918135022670049
2022-05-19,0.0021109338816253944
2022-05-20,-0.0014119715316102122
2022-05-23,-0.0017558810893500332
2022-05-24,-0.00016400454027611476
2022-05-25,-0.0001700791818249847
2022-05-26,0.0004727323692172636
2022-05-27,-0.0005966675366635932
2022-05-31,0.0023102303690102333
2022-06-01,-0.0010546544168698712
2022-06-02,0.0010603037537808247
2022-06-03,-6.448631512151693e-05
2022-06-06,0.0006854069415530795
2022-06-07,0.0001738479163590312
2022-06-08,0.0008145912374219089
2022-06-09,0.0008294656809248902
2022-06-10,-0.0009074738443756924
2022-06-13,0.00193499580220039
2022-06-14,-0.0018296173314670129
2022-06-15,0.00032526426846665843
2022-06-16,-0.0003393381449146604
2022-06-17,-8.122358676678986e-05
2022-06-21,-0.0014385805302084265
2022-06-22,0.002264645108354222
2022-06-23,0.0009915420310579726
2022-06-24,0.002735306163354183
2022-06-27,-0.0016956353072825792
2022-06-28,-0.00034405541536846495
2022-06-29,-0.0008043530450035363
2022-06-30,0.0013921642901092057
2022-07-01,-0.0005328414473830278
2022-07-05,0.0038409239764937643
2022-07-06,-0.0014679732595181006
2022-07-07,0.0
2022-07-08,-5.2845020808793795e-05
2022-07-11,9.270241497066678e-05
2022-07-12,0.00021110227408988714
2022-07-13,-0.0010449123587022125
2022-07-14,0.00023583536265272097
2022-07-15,0.000504439225115234
2022-07-18,0.00035087844561835444
2022-07-19,0.0005868679468443316
2022-07-20,0.0010645855746568
2022-07-21,0.00022234288570712523
2022-07-22,-0.0012519066511700583
2022-07-25,2.6017210639488475e-05
2022-07-26,-0.00018940411044549688
2022-07-27,0.0001636795322051343
2022-07-28,0.002137455614576995
2022-07-29,-0.0017836694121846762
2022-08-01,0.000316447656647092
2022-08-02,-0.0003099024297047004
2022-08-03,0.00022096386076268405
2022-08-04,-0.00042475947039488204
2022-08-05,0.0014372079017367346
2022-08-08,-1.8819872262578753e-05
2022-08-09,-9.384212780540577e-05
2022-08-10,0.001114767276811499
2022-08-11,-0.0006525854364192751
2022-08-12,0.00046964039047840965
2022-08-15,-0.00031434207948206617
2022-08-16,0.0006220154068017924
2022-08-17,-0.0007864477309031259
2022-08-18,0.0004264098498284663
2022-08-19,0.00023261881528794826
2022-08-22,-0.0012136521598271788
2022-08-23,-0.0008783150523674244
2022-08-24,-0.0006953438120952149
2022-08-25,-0.0003244292461904874
2022-08-26,-0.0014456450296644063
2022-08-29,-0.0007321353797076413
2022-08-30,0.00042298547198835965
2022-08-31,-0.000572949104293441
2022-09-01,-0.00010730524270456732
2022-09-02,-0.00016428087102645205
2022-09-06,0.0003625758367451448
2022-09-07,0.0012432913479839525
2022-09-08,0.0002659835757118234
2022-09-09,0.0010842041670867685
2022-09-12,0.001266157709681177
2022-09-13,0.00017942869131722493
2022-09-14,-0.0014119080371565217
2022-09-15,0.00048665646912939844
2022-09-16,-0.00332906877054129
2022-09-19,-9.159573062791581e-05
2022-09-20,-0.0005686247382326037
2022-09-21,-0.0010373696066584203
2022-09-22,-0.0018524856226209718
2022-09-23,0.0006309510277368347
2022-09-26,-0.002503101372262018
2022-09-27,0.00224836919999283
2022-09-28,-6.81561255404639e-05
2022-09-29,-0.0008949811841565558
2022-09-30,0.0010596039687176884
2022-10-03,0.0003915842568574424
2022-10-04,0.002214213281167614
2022-10-05,-0.0017598065694408738
2022-10-06,-0.0012600442371908005
2022-10-07,-0.003971737444903562
2022-10-10,-0.002405245056748253
2022-10-11,0.00037259346999323205
2022-10-12,-0.0003388636210636853
2022-10-13,-0.0026662222034276708
2022-10-14,-0.0016520652177715789
2022-10-17,0.002176168796427338
2022-10-18,-0.0001224313615637551
2022-10-19,-0.0032238558003220507
2022-10-20,-0.0010960278529476852
2022-10-21,-0.005826798492142044
2022-10-24,-0.005056762558322401
2022-10-25,0.0010099284492120786
2022-10-26,0.0037214086738124787
2022-10-27,0.00044238349678773716
2022-10-28,-0.0014681849862950313
2022-10-31,-0.0020162447613655244
2022-11-01,-0.0012399242648767571
2022-11-02,0.003166519615293093
2022-11-03,-0.0021842274724618617
2022-11-04,-0.00013113601407726216
2022-11-07,-0.0011323779233067444
2022-11-08,-0.00021295972669837848
2022-11-09,-0.001496890046462891
2022-11-10,0.0034103839692095784
2022-11-11,0.003899993499474721
2022-11-14,-0.003530624830829483
2022-11-15,0.0016981437960745516
2022-11-16,-0.0014204472109436317
2022-11-17,-0.0031781871328785583
2022-11-18,-0.0023042549080624555
2022-11-21,6.144409842773424e-05
2022-11-22,0.0032931882324435157
2022-11-23,0.000884632199546691
2022-11-25,0.0013373768892114746
2022-11-28,-0.0024372173662019292
2022-11-29,-0.001310740998683011
2022-11-30,-0.0009283345861114789
2022-12-01,0.0019755463824793562
2022-12-02,0.0023077222296083865
2022-12-05,-0.0013036536657995822
2022-12-06,-0.003464682824559273
2022-12-07,-0.00039303763449493933
2022-12-08,0.0011230896529274737
2022-12-09,0.0019373339718229477
2022-12-12,0.0033062782867755145
2022-12-13,0.0013288429699843118
2022-12-14,0.0008662962597672519
2022-12-15,0.0005595018188835299
2022-12-16,-0.0014384728944563463
2022-12-19,-0.00027009474868810334
2022-12-20,0.0017114024756330192
2022-12-21,-0.0009964264444988014
2022-12-22,0.0015708515205141583
2022-12-23,0.0003395312337570311
2022-12-27,0.002314095375059262
2022-12-28,-0.0004789765416938163
2022-12-29,0.0012728989913609024
2022-12-30,0.0007818517149318182
2023-01-03,0.005463003382398713
2023-01-04,0.002781256544824162
2023-01-05,0.0
2023-01-06,0.0011860118571713051
2023-01-09,0.0008982888922471632
2023-01-10,-0.0003434096320460589
2023-01-11,0.0007002939696906618
2023-01-12,-0.0001499827372675666
2023-01-13,0.000693554659059028
2023-01-17,4.833401664755987e-05
2023-01-18,0.0006266049664371964
2023-01-19,0.0008453461427537912
2023-01-20,0.0030144616950351223
2023-01-23,0.0010327663065721282
2023-01-24,0.0028917073531056657
2023-01-25,0.003172265726073844
2023-01-26,-0.001328308461270662
2023-01-27,0.0014638439562374183
2023-01-30,-0.00030053128226746216
2023-01-31,-0.0004920713165360624
2023-02-01,0.0010808411903780368
2023-02-02,-0.00020671418929632423
2023-02-03,-0.0006268194470645593
2023-02-06,0.0014032550451824033
2023-02-07,0.0011954744799348594
2023-02-08,0.0022871137679397768
2023-02-09,0.0005685391687309327
2023-02-10,0.00017008948872587303
2023-02-13,-8.716536692520815e-05
2023-02-14,0.0007128787659959856
2023-02-15,-0.0007613952041560213
2023-02-16,0.00024717603347111926
2023-02-17,0.001556250746983736
2023-02-21,-0.0007857546104986413
2023-02-22,-0.0006167229207237424
2023-02-23,-6.152110208132332e-05
2023-02-24,-0.0006064865513230133
2023-02-27,0.0006159784690565928
2023-02-28,-8.35430012896099e-06
2023-03-01,-8.355566958788696e-05
2023-03-02,0.0005722631584917837
2023-03-03,-0.0006235146474016484
2023-03-06,0.0011783870661793206
2023-03-07,-0.002638147513062934
2023-03-08,0.0001772363466502358
2023-03-09,-0.0001843447103302176
2023-03-10,-0.00101024593345596
2023-03-13,-0.0005442449824995043
2023-03-14,-0.00103473498408984
2023-03-15,0.002895756802532692
2023-03-16,-0.0015230793010055565
2023-03-17,0.0012792246418725538
2023-03-20,-0.0013916181528200221
2023-03-21,0.0009370667177185044
2023-03-22,-0.0008869013849955865
2023-03-23,-0.0014297772888639893
2023-03-24,0.0009143380457277073
2023-03-27,0.0001102547411524446
2023-03-28,2.7876679693730215e-05
2023-03-29,0.0012522619693705584
2023-03-30,0.0004846355713358097
2023-03-31,0.00022858076397411998
2023-04-03,-0.0006000825594922077
2023-04-04,-0.0006781271157984459
2023-04-05,0.0011988813582324309
2023-04-06,0.000895052248940329
2023-04-10,-9.641323747087371e-05
2023-04-11,0.00023761674616707307
2023-04-12,-9.616181691586512e-05
2023-04-13,0.00012170382960965177
2023-04-14,-0.00021233586790019298
2023-04-17,0.0009119433840713586
2023-04-18,-0.0006069316728064167
2023-04-19,-8.805940798444877e-05
2023-04-20,-0.0016427025656919714
2023-04-21,-0.0012842401812279114
2023-04-24,0.0006305119918477376
2023-04-25,-0.002162322786792861
2023-04-26,-0.0009120660047547479
2023-04-27,0.0019669853522603265
2023-04-28,0.0024478652425012283
2023-05-01,-0.0006058686624575316
2023-05-02,-0.00173101432210788
2023-05-03,0.0003950011701945666
2023-05-04,-0.0006455733190027457
2023-05-05,0.00042756711733580975
2023-05-08,0.0009393492002590187
2023-05-09,0.00041996724301643254
2023-05-10,-0.0013067446257634052
2023-05-11,-0.0007180882739842343
2023-05-12,0.0007699694761383258
2023-05-15,0.003202709613885184
2023-05-16,-0.00022570318721495174
2023-05-17,0.0011106020358592561
2023-05-18,-0.0006890285736888591
2023-05-19,-0.0033530468684974824
2023-05-22,0.0022559690864012638
2023-05-23,0.002384674496453989
2023-05-24,0.0002224916150832956
2023-05-25,-0.002953012541222686
2023-05-26,-0.003237422141769748
2023-05-30,0.00041244394341576117
2023-05-31,-0.0003237582573875941
2023-06-01,6.0583359281598524e-05
2023-06-02,0.0025788804709474134
2023-06-05,-0.00042589711825672836
2023-06-06,0.00012193063759147638
2023-06-07,0.003532346808443274
2023-06-08,-0.0008290020849365432
2023-06-09,0.0003078487284252263
2023-06-12,-0.001254818301921672
2023-06-13,-0.00020206771205075302
2023-06-14,-0.0006599088185811164
2023-06-15,0.0006967128403158829
2023-06-16,0.0010854909691457681
2023-06-20,-0.0021940788659897347
2023-06-21,-0.0003082904516332685
2023-06-22,-6.63778293614281e-05
2023-06-23,0.00045580751434600944
2023-06-26,0.0007690847146621671
2023-06-27,-0.0008846311269910246
2023-06-28,-0.0014686488409097187
2023-06-29,0.0009384143505823217
2023-06-30,0.00014933219397450515
2023-07-03,0.0009909809859146358
2023-07-05,7.382989318588162e-05
2023-07-06,-0.0002226087355845574
2023-07-07,0.0007014307293876842
2023-07-10,0.0
2023-07-11,0.00037146494775323056
2023-07-12,-0.00023714190455297767
2023-07-13,0.0005061378224410506
2023-07-14,0.00043619329631047423
2023-07-17,4.019556885735742e-05
2023-07-18,-0.00015585661233542104
2023-07-19,0.0005924314943366004
2023-07-20,3.670700252643266e-05
2023-07-21,-0.0005952021935663177
2023-07-24,0.000828803940944296
2023-07-25,-0.0017718653967252452
2023-07-26,1.6244444374424737e-06
2023-07-27,0.0013371047002184832
2023-07-28,-0.0007105068631151479
2023-07-31,0.0003899290797034394
2023-08-01,-0.0003915926058018582
2023-08-02,0.0004951413323661868
2023-08-03,-0.00018900900925550968
2023-08-04,0.0012701213077793748
2023-08-07,-0.0007912045361504139
2023-08-08,0.0007042911761767145
2023-08-09,0.0012488590995602756
2023-08-10,0.0010521362659269107
2023-08-11,-0.00041349355528196295
2023-08-14,0.0007176145759547925
2023-08-15,-0.0001243999609575108
2023-08-16,-0.000463008444064299
2023-08-17,0.0004821449299251923
2023-08-18,-0.00047173089668313796
2023-08-21,-0.0004631587291297712
2023-08-22,-0.0006760500661027225
2023-08-23,-0.0005888449051226407
2023-08-24,-0.00031449897050757293
2023-08-25,-0.00035536571183129027
2023-08-28,0.00016281701455380437
2023-08-29,-0.000494376429713701
2023-08-30,0.001348497747002433
2023-08-31,-0.0009103972244739067
2023-09-01,-0.0019106690175835883
2023-09-05,-0.0011912767797097757
2023-09-06,-0.00018070511877592564
2023-09-07,-0.001063780330553461
2023-09-08,-1.744857794317989e-05
2023-09-11,-0.00021918932501910238
2023-09-12,0.0002492825333528681
2023-09-13,-1.6715030370972882e-05
2023-09-14,0.00011943289824491998
2023-09-15,-0.0020744799721367224
2023-09-18,0.0005707774892029293
2023-09-19,0.0017259218936604404
2023-09-20,0.003451381663828603
2023-09-21,0.00018268847405013443
2023-09-22,-0.00045533541788223887
2023-09-25,-0.0006531938997548381
2023-09-26,0.0002966685647150236
2023-09-27,0.0009545257404609298
2023-09-28,0.001561854898611883
2023-09-29,0.0017115748687291754
2023-10-02,-3.027409337924114e-05
2023-10-03,0.0010267374100833915
2023-10-04,-0.0009290293211369383
2023-10-05,-0.0036499294796075456
2023-10-06,-0.0001233007074844883
2023-10-09,-0.00040385291982357517
2023-10-10,-0.0005400467154030775
2023-10-11,-0.0009344049736394755
2023-10-12,-0.002890161773051714
2023-10-13,0.001204796524073286
2023-10-16,0.0016245394375891476
2023-10-17,-8.669839058095708e-05
2023-10-18,-0.002554873016967958
2023-10-19,-0.0007976942876660354
2023-10-20,0.0009831872860518165
2023-10-23,0.0023109628955244378
2023-10-24,-0.0009708920054821357
2023-10-25,0.0018405218345320918
2023-10-26,0.0019974140768167325
2023-10-27,0.0013157695158204485
2023-10-30,-0.00018846892435793848
2023-10-31,-0.00035228748603533645
2023-11-01,-0.001447296273662999
2023-11-02,0.002142923341229075
2023-11-03,0.001987521949592006
2023-11-06,0.00016950514556366203
2023-11-07,0.002324130296397826
2023-11-08,-0.00044555434721507583
2023-11-09,-0.0010954187726640696
2023-11-10,-0.00027998199841029693
2023-11-13,-0.0032729914247748627
2023-11-14,0.0015662220371846748
2023-11-15,0.0020008107642513016
2023-11-16,-0.0008721164159280659
2023-11-17,0.00015388939246575807
2023-11-20,0.0016445853430373414
2023-11-21,0.001996085518644428
2023-11-22,0.000979158631801118
2023-11-24,-0.0008195737239553713
2023-11-27,0.00027781711647691945
2023-11-28,0.0032486695026567604
2023-11-29,0.0014601124894433105
2023-11-30,-0.00045878557765292925
2023-12-01,0.002606487235632604
2023-12-04,-0.0019901502211794007
2023-12-05,0.003362313201553182
2023-12-06,0.0013768159945529025
2023-12-07,-0.0010986095079384905
2023-12-08,-0.00034465408779723596
2023-12-11,0.0001706910209010859
2023-12-12,-0.0010732613538121227
2023-12-13,0.0033515642183628057
2023-12-14,0.0050192439008081525
2023-12-15,-0.0042021130331944614
2023-12-18,-0.0034868200680097995
2023-12-19,0.003232870030079005
2023-12-20,0.001127919740444756
2023-12-21,-0.000327014220107098
2023-12-22,-0.0002712119565082882
2023-12-26,0.0002209508826281148
2023-12-27,0.0007497461022358842
2023-12-28,0.0003650119485317349
2023-12-29,-0.00024476201593286894
2024-01-02,0.0016475986812172505
2024-01-03,-0.0022453555055604248
2024-01-04,-0.0006097545570086704
2024-01-05,0.0007899894480116187
2024-01-08,0.0
2024-01-09,-0.0006496527439605093
2024-01-10,0.00039608971384939016
2024-01-11,-0.00010301178719566371
2024-01-12,7.252864303933571e-05
2024-01-16,-0.0002951529123481689
2024-01-17,0.00010291719083620699
2024-01-18,0.00028001402425637645
2024-01-19,-0.0003427191335339086
2024-01-22,0.0017830138695839315
2024-01-23,0.000865093326547417
2024-01-24,-0.0006191129046072597
2024-01-25,0.00173050150559384
2024-01-26,-0.00029138214766260883
2024-01-29,0.0014083638923522645
2024-01-30,-0.0007656061992822138
2024-01-31,-0.0010478683924016808
2024-02-01,0.00020034638288868534
2024-02-02,-7.528873487124166e-05
2024-02-05,-0.0002519762359353317
2024-02-06,0.001365994856450037
2024-02-07,-0.000746383152395762
2024-02-08,0.002352387861771881
2024-02-09,0.0023134808134473283
2024-02-12,0.0006854723515352146
2024-02-13,0.0013355015044267792
2024-02-14,-0.000873557569378256
2024-02-15,-0.0008896271906773046
2024-02-16,0.00010438935935812799
2024-02-20,0.00041303780755437726
2024-02-21,-0.0012837258022693732
2024-02-22,-0.0025847954939955866
2024-02-23,-0.000617285686817648
2024-02-26,0.00126696930407592
2024-02-27,-0.0008234810810525039
2024-02-28,0.0010770747028565708
2024-02-29,-0.005638336022740298
2024-03-01,-0.0019176017304060467
2024-03-04,0.002827291164311396
2024-03-05,-0.0006333900940711201
2024-03-06,0.0035529757347045774
2024-03-07,0.0011998675173981676
2024-03-08,0.0020752330952111086
2024-03-11,0.0023410613868955423
2024-03-12,-0.0016603842530261835
2024-03-13,-0.0006472231456821987
2024-03-14,-0.001180676138810397
2024-03-15,-0.00034519658572828904
2024-03-18,-0.0008568353236080339
2024-03-19,-0.0005383370114543085
2024-03-20,0.00035917060044823976
2024-03-21,-0.0007696081339794203
2024-03-22,-0.001209268390550735
2024-03-25,-1.2359384493807467e-05
2024-03-26,-0.0008484751257626466
2024-03-27,-7.758633615872367e-05
2024-03-28,-0.00024969109912487353
2024-04-01,-0.00017507874318002382
2024-04-02,0.000499194315060385
2024-04-03,-0.0005740872588460566
2024-04-04,-0.0008634464220642179
2024-04-05,-0.001672184764273945
2024-04-08,-0.000566302120055433
2024-04-09,0.0022360314155886775
2024-04-10,-0.0009527783544425828
2024-04-11,-0.010060757355242533
2024-04-12,0.004388575953353167
2024-04-15,2.9872009039451087e-05
2024-04-16,0.001179339540978519
2024-04-17,0.0019125057797753065
2024-04-18,0.000940031680409219
2024-04-19,0.0007678893651663831
2024-04-22,-0.0016160208435645606
2024-04-23,0.003905047425823256
2024-04-24,0.0003323860501961473
2024-04-25,-0.0036107914581236834
2024-04-26,-0.0003579403940135228
2024-04-29,-0.00044568948739380997
2024-04-30,-0.002328660922611374
2024-05-01,0.00046971525097921907
2024-05-02,0.002498593239505169
2024-05-03,-0.0027059446893163263
2024-05-06,-0.0017810384609060548
2024-05-07,0.000882330756918619
2024-05-08,0.0012724053629107534
2024-05-09,-0.0014066658201107617
2024-05-10,-0.0011058417471698646
2024-05-13,0.0007688310827352219
2024-05-14,0.0006929078718379333
2024-05-15,0.0005594723186706929
2024-05-16,0.00038302767886493115
2024-05-17,0.0006427832117695998
2024-05-20,0.00023018186973427612
2024-05-21,-0.0008361465478394314
2024-05-22,-0.0002827261303139417
2024-05-23,-0.002669845909341988
2024-05-24,-0.0010596132835845018
2024-05-28,0.0019144385695818
2024-05-29,-0.0006708062990224395
2024-05-30,0.0014907765725737177
2024-05-31,-0.0003984964743254382
2024-06-03,-0.0006707034703466097
2024-06-04,0.0015513702092486326
2024-06-05,2.558921221214039e-06
2024-06-06,0.00010570620641777273
2024-06-07,-0.0005266225238014122
2024-06-10,0.0012385957457180918
2024-06-11,-0.001034464949807048
2024-06-12,-0.0006811202764989343
2024-06-13,-0.001695210087487482
2024-06-14,0.001014238964791212
2024-06-17,-0.0009361960152991244
2024-06-18,-0.0018705923011814772
2024-06-20,0.002602699487659159
2024-06-21,-0.00046015803831611857
2024-06-24,0.0012063787091683364
2024-06-25,0.0003602872503632515
2024-06-26,0.0021586611770166007
2024-06-27,0.00012318117557457597
2024-06-28,0.0007907013304816468
2024-07-01,0.0004535223912683506
2024-07-02,0.0036084691127684777
2024-07-03,-0.0035046024591237155
2024-07-05,-8.733020750821607e-05
2024-07-08,-0.0004884799328424183
2024-07-09,0.0004035838519945045
2024-07-10,0.0
2024-07-11,0.0017719517033382192
2024-07-12,-0.00019613418986536013
2024-07-15,-0.0011272432764036222
2024-07-16,-0.0006371956723306571
2024-07-17,0.0001975630516394933
2024-07-18,0.0016484764433151167
2024-07-19,0.0023808233871836105
2024-07-22,-0.0018331798405581523
2024-07-23,-0.00224706287775138
2024-07-24,0.0011476351448803013
2024-07-25,-0.000865584598736775
2024-07-26,0.0008219558009879214
2024-07-29,0.00308612168161414
2024-07-30,-0.00039801324430330573
2024-07-31,-0.002584220263982735
2024-08-01,0.0025695111683458173
2024-08-02,-0.002766664778198642
2024-08-05,0.001195880106703684
2024-08-06,0.0008340724864914196
2024-08-07,-0.0006267680687070709
2024-08-08,0.004458304127417865
2024-08-09,0.0012928405214488437
2024-08-12,-0.0009393903079151311
2024-08-13,-0.0020300813277997843
2024-08-14,-0.0002293845512345083
2024-08-15,0.001157422724926287
2024-08-16,-0.0008034079821822448
2024-08-19,-4.234960426310552e-05
2024-08-20,-1.5049568918774625e-05
2024-08-21,0.0003201989547525974
2024-08-22,0.0030381549795356986
2024-08-23,-0.0007370611542518657
2024-08-26,0.0008283978181981433
2024-08-27,0.0003018390437156504
2024-08-28,-0.0006449150771564716
2024-08-29,-0.0005466363887160886
2024-08-30,-0.0004412876041293945
2024-09-03,0.0011893561072079907
2024-09-04,0.001399983746372464
2024-09-05,-0.0013264082351995255
2024-09-06,-0.00030370353761765667
2024-09-09,-0.00018803634979175143
2024-09-10,0.0020678396490093976
2024-09-11,0.0015276008285489162
2024-09-12,-0.0007320307878532995
2024-09-13,0.0011429179296995118
2024-09-16,0.0007331411414480549
2024-09-17,0.0014829004627523147
2024-09-18,-0.0011453970501278477
2024-09-19,0.0010699597506609914
2024-09-20,0.001001135758873084
2024-09-23,0.0030833621898710374
2024-09-24,-0.002472528667737286
2024-09-25,0.0013357456349095131
2024-09-26,0.0012324727198640196
2024-09-27,0.0003179135285467183
2024-09-30,-0.00043671536475182294
2024-10-01,0.002058315633424863
2024-10-02,0.0003886668427276696
2024-10-03,-0.001019961993305738
2024-10-04,-0.00017310910329820128
2024-10-07,-0.0018200745548053177
2024-10-08,0.0004309528965043219
2024-10-09,0.0008890108368986493
2024-10-10,0.001153392022362796
2024-10-11,-0.00016975032402320123
2024-10-14,-0.0002223006173956188
2024-10-15,0.0007550140443605335
2024-10-16,-0.0017127440844629583
2024-10-17,-0.0011139361637447264
2024-10-18,0.001204404269759356
2024-10-21,0.00020992347827355928
2024-10-22,-0.002344982903561674
2024-10-23,-0.0018636041678059634
2024-10-24,-0.002581825307131096
2024-10-25,0.0017015210765026635
2024-10-28,0.00046192797882191436
2024-10-29,1.765062851887933e-05
2024-10-30,-0.003448254440992653
2024-10-31,-0.0020045117238928012
2024-11-01,-0.0021775245379589948
2024-11-04,0.0017761863252544452
2024-11-05,-0.0005409253358094102
2024-11-06,-5.265918693471594e-05
2024-11-07,-0.0022974163663548406
2024-11-08,-0.004281770191081686
2024-11-11,-0.003113937892297347
2024-11-12,0.0021047384912317104
2024-11-13,-0.0022370617472543385
2024-11-14,0.0011749190609365258
2024-11-15,0.0016925466501760923
2024-11-18,-0.001876116422876426
2024-11-19,0.0006139820160225917
2024-11-20,0.0008261699692978763
2024-11-21,-0.0019098881741449714
2024-11-22,0.0008839438811463186
2024-11-25,0.002327578595463646
2024-11-26,0.0018717224832553604
2024-11-27,0.0013528652813991203
2024-11-29,-0.00011573610810598822
2024-12-02,-0.001203741550905797
2024-12-03,0.0008296868316710926
2024-12-04,0.00033103808860663
2024-12-05,-0.00024387807475715118
2024-12-06,-0.0012388480422180592
2024-12-09,0.0025144134044383913
2024-12-10,-0.00012129941178215642
2024-12-11,-0.0022771779182297956
2024-12-12,0.0020428924516833423
2024-12-13,0.0005871559585213704
2024-12-16,-0.0015646959677326744
2024-12-17,-0.00020426770927082672
2024-12-18,0.000795585004292072
2024-12-19,-0.002656947246738275
2024-12-20,0.001368577804522373
2024-12-23,-0.0025231612126990145
2024-12-24,-0.0010603098463307203
2024-12-26,-0.0004107337581413373
2024-12-27,-0.00014374358293310684
2024-12-30,0.0003640330751509313
2024-12-31,0.0001394715363884824
2025-01-02,0.0027797242903818287
2025-01-03,3.094043135659197e-05
2025-01-06,0.001570768441638466
2025-01-07,-0.0022852741254142297
2025-01-08,0.0
2025-01-10,-0.002647868277766101
2025-01-13,-0.004076957071989959
2025-01-14,0.0004085211276925049
2025-01-15,0.0017692815688908836
2025-01-16,-0.0013615401007739702
2025-01-17,0.0007521511223260968
2025-01-21,-0.0007177565660774987
2025-01-22,-0.00233205098652592
2025-01-23,-0.0010199199235845823
2025-01-24,0.0010781372185396832
2025-01-27,-0.0004904007022270651
2025-01-28,-0.00015878001608650604
2025-01-29,0.0009400500075253105
2025-01-30,-0.0023718785394744478
2025-01-31,-0.0003357082287477131
2025-02-03,-0.003107668361313662
2025-02-04,-7.824229482067846e-05
2025-02-05,-0.0001671702064974623
2025-02-06,0.00018588938138587086
2025-02-07,0.00019928881280460774
2025-02-10,0.0016808473667453637
2025-02-11,0.0027609455487011725
2025-02-12,0.0017451308643088815
2025-02-13,-0.001117355583460955
2025-02-14,5.87855439921392e-05
2025-02-18,0.002126456795100935
2025-02-19,0.0004869739770321102
2025-02-20,0.0006500939058539879
2025-02-21,0.0005615725424747975
2025-02-24,-0.0006784148172302152
2025-02-25,-0.0003752887158038831
2025-02-26,-0.0007160142083350585
2025-02-27,-0.004087842661597827
2025-02-28,0.0022179966925372383
2025-03-03,0.0002724315650078535
2025-03-04,0.0015286897981273563
2025-03-05,0.000618536377930623
2025-03-06,0.001970312921432729
2025-03-07,0.0016008264738093935
2025-03-10,-0.0012371780768631701
2025-03-11,0.00036245138218285125
2025-03-12,0.0004854994789727862
2025-03-13,0.0007244924220906013
2025-03-14,0.0013760476062180493
2025-03-17,0.001244673495568933
2025-03-18,-0.00027622644690586504
2025-03-19,0.0024328884337505375
2025-03-20,-0.00041426555763214747
2025-03-21,0.00026422569911840557
2025-03-24,0.0009563535500314768
2025-03-25,-0.00045063641927944653
2025-03-26,-0.001024470660052552
2025-03-27,0.0004286790729638379
2025-03-28,0.0006833212046482484
2025-03-31,0.001150920639239097
2025-04-01,-0.0005920666622248749
2025-04-02,0.001255567583121542
2025-04-03,-0.004888723092789929
2025-04-04,-0.0019084335580806134
2025-04-07,-0.00029857855360068794
2025-04-08,-0.0017090041339043926
2025-04-09,0.009356681623437786
2025-04-10,-0.002701227233235077
2025-04-11,0.0007045702262977471
2025-04-14,0.0006610193663692199
2025-04-15,0.00011384334536261642
2025-04-16,0.00033562715054267887
2025-04-17,0.0005532585637306697
2025-04-21,-0.00011153710581632392
2025-04-22,0.00010758837740069804
2025-04-23,0.0016565828260930871
2025-04-24,0.0011669837637136205
2025-04-25,9.79149029614046e-07
2025-04-28,0.0015583779432785038
2025-04-29,0.0032058256433239764
2025-04-30,-0.003703860015297382
2025-05-01,0.002417566571604297
2025-05-02,-0.001225848459355412
2025-05-05,-0.001717781523682158
2025-05-06,-0.0005664271436821422
2025-05-07,0.0013249497488722795
2025-05-08,0.0016445169320119745
2025-05-09,0.00034773179457019853
2025-05-12,0.003759973900361886
2025-05-13,0.0018330244327612012
2025-05-14,-0.0007569426662102408
2025-05-15,-0.0003730226605744691
2025-05-16,0.0012329122832894068
2025-05-19,-0.00028939873363817534
2025-05-20,0.0010161549094620215
2025-05-21,-0.0011977558465129802
2025-05-22,-0.0004204337484347054
2025-05-23,-0.0014271277069028954
2025-05-27,0.0016009502192308434
2025-05-28,4.353661969920708e-05
2025-05-29,0.0010394321440677157
2025-05-30,0.0005979273567671695
2025-06-02,-0.0003343736034761324
2025-06-03,-0.0002422272193728725
2025-06-04,0.0004066670346805967
2025-06-05,-0.0008543956003655273
2025-06-06,0.001163920162659422
2025-06-09,-0.003294911120155879
2025-06-10,0.0010857774037425095
2025-06-11,-0.001922762299792975
2025-06-12,-7.193659130839026e-05
2025-06-13,-0.0020409751094118333
2025-06-16,0.000514779842682771
2025-06-17,0.0003948430222556798
2025-06-18,0.0006175083891286181
2025-06-20,-0.002301635406495599
2025-06-23,-0.0009156927890963007
2025-06-24,0.0015603153842302596
2025-06-25,-0.0016192467796474763
2025-06-26,0.0014490290547050665
2025-06-27,-0.0009957863166130986
2025-06-30,-0.0006221747952928269
2025-07-01,0.00045159436184482704
2025-07-02,0.0005305649427920223
2025-07-03,-0.0008073100054838011
2025-07-07,-0.0019750514988740053
2025-07-08,0.0018727390871421902
2025-07-09,0.0017936609178598052
2025-07-10,0.00018005298162953486
2025-07-11,-0.0006881518794167252
2025-07-14,0.0
2025-07-15,-0.0005417861458883188
2025-07-16,-0.0003189882858840719
2025-07-17,-0.003382702293153039
2025-07-18,0.0004639860182403832
2025-07-21,-0.00046311011150013793
2025-07-22,-0.0017587907462403107
2025-07-23,-0.0011253451195879372
2025-07-24,0.0017779208614541497
2025-07-25,0.0008952902559208931
2025-07-28,0.000443821157218971
2025-07-29,0.0013264007279498301
2025-07-30,0.0018223702030430245
2025-07-31,-8.984594623533404e-05
2025-08-01,0.0011328106363554503
2025-08-04,-0.0004940266658461012
2025-08-05,0.00014959237282772265
2025-08-06,0.0003339779115777941
2025-08-07,0.0007022751193469334
2025-08-08,0.0016444445302957833
2025-08-11,0.0014370949850834936
2025-08-12,0.0026196917116683063
2025-08-13,0.0020390804929324947
2025-08-14,-0.0021467036596496225
2025-08-15,-0.0014386400898714969
2025-08-18,-0.00013483122531927184
2025-08-19,-0.0005668236064274401
2025-08-20,-0.0021183580125093957
2025-08-21,-0.0012586403993887774
2025-08-22,0.002503823763493187
2025-08-25,-0.002834226580382604
2025-08-26,-0.0009477547012598597
2025-08-27,0.00043157408664685316
2025-08-28,-0.0019114330359392673
2025-08-29,-0.0006490476550796309
2025-09-02,-0.0012543986872939118
2025-09-03,0.0006538515958620205
2025-09-04,0.0021517629123013115
2025-09-05,0.001584228036702755
2025-09-08,0.0009786561731808562
2025-09-09,0.00015100206289424544
2025-09-10,-0.003772898282300232
2025-09-11,0.00020383071811731714
2025-09-12,-0.0019309240676207917
2025-09-15,0.0002503054345872302
2025-09-16,-0.0006104416660127087
2025-09-17,-0.000562907836137334
2025-09-18,-0.001176258830724004
2025-09-19,-0.0009534833511936224
2025-09-22,-0.0017631410669767277
2025-09-23,-0.0019636009204900963
2025-09-24,-0.0007550919383459709
2025-09-25,0.0005690867737201399
2025-09-26,-0.0005491467274795858
2025-09-29,0.00024130518689566838
2025-09-30,0.002095166848919212
2025-10-01,-0.004117936623297049
2025-10-02,-0.0006957909436654352
2025-10-03,-0.0015343898259683431
2025-10-06,-0.0009466902588733772
2025-10-07,0.0001523542220374563
2025-10-08,0.00043204057029200494
2025-10-09,0.0013588191244788628
2025-10-10,0.0022045188236940396
2025-10-13,3.538100109088838e-05
2025-10-14,0.0016641409474703495
2025-10-15,0.0001813702036430631
2025-10-16,0.0008238555866226083
2025-10-17,-0.0010424087179084695
2025-10-20,-0.0018170980074437026
2025-10-21,0.0004047178842314847
2025-10-22,-0.0010402851393484314
2025-10-23,-0.0030067566791125546
2025-10-24,-9.53876205839843e-05
2025-10-27,-0.00023446998544471854
2025-10-28,0.001247280997408633
2025-10-29,-0.005624920289359161
2025-10-30,0.006007492400391894
2025-10-31,9.605733986550735e-06
2025-11-03,0.0011174716965400356
2025-11-04,-0.0002741965818685599
2025-11-05,0.0013258992839288264
2025-11-06,-0.0016145755887175906
2025-11-07,0.0008233855298025983
2025-11-10,-0.001649624247374417
2025-11-11,-0.0017303690404254946
2025-11-12,0.0019001638243969787
2025-11-13,0.001215208158155916
2025-11-14,-0.0009586374940729114
2025-11-17,-0.0009008864144135931
2025-11-18,6.021215395172197e-05
2025-11-19,-0.0015015057186082781
2025-11-20,-0.00018316112027695784
2025-11-21,-0.0012143343943113339
2025-11-24,-0.0011393021619512745
2025-11-25,0.0039906209496533805
2025-11-26,-0.0006480678431828268
2025-11-28,-0.0011630694462141488
2025-12-01,0.0005456625688733197
2025-12-02,0.0003161093734491183
2025-12-03,0.0021242167989229486
2025-12-04,-0.0016227125160561773
2025-12-05,0.0005598441555229172
2025-12-08,0.0006455559546851752
2025-12-09,-1.2210273313133513e-05
2025-12-10,0.0007362534876724424
2025-12-11,-7.231414335426845e-05
2025-12-12,0.0017420277003981788
2025-12-15,0.0010260888287244984
2025-12-16,0.0024752168590226596
2025-12-17,0.0018612702570024275
2025-12-18,-0.0008774112037398351
2025-12-19,-0.0023182812497547813
2025-12-22,-0.0006662421709385113
2025-12-23,0.0008286140380934759
2025-12-24,9.701689066041742e-06
2025-12-26,0.0005202468123860826
2025-12-29,-0.00022468954666929442
2025-12-30,0.0008335502309379894
2025-12-31,0.00012274215487857677
2026-01-02,5.6769287144140535e-05
2026-01-05,-0.00010001589364261098
2026-01-06,0.0034373116857376452
2026-01-07,-0.0015912791518305535
2026-01-08,0.002318309281917841
2026-01-09,0.0026417402374041598
2026-01-12,0.0
2026-01-13,0.00011540850432873786
2026-01-14,0.0003759695498629556
2026-01-15,0.0004099062016061628
2026-01-16,-0.0008034462857263858
2026-01-20,0.0005927166813387497
2026-01-21,-0.001266507240764041
2026-01-22,0.0012120911545359836
2026-01-23,-0.004334792475358451
2026-01-26,0.0003369522290984728
2026-01-27,2.17252380879418e-05
2026-01-28,-0.002158731024174414
2026-01-29,-0.0004110166060317866
2026-01-30,0.00240888675056794
2026-02-02,-0.0008047733896389153
2026-02-03,0.000670851331659068
2026-02-04,-0.005351504477902374
2026-02-05,-0.0009296675642688191
2026-02-06,-0.0019886076452004776
2026-02-09,0.0005663255186741045
2026-02-10,0.0007859089594784163
2026-02-11,-0.00026204852668427315
2026-02-12,-0.0007406527873725799
2026-02-13,0.0019744110136030012
2026-02-17,0.0009057447110204663
2026-02-18,-0.0007990049592708281
2026-02-19,0.0013401056993318726
2026-02-20,-0.0022970963645857576
2026-02-23,-0.002787711077824413
2026-02-24,0.0017246249621266129
2026-02-25,-0.0005713115537421487
2026-02-26,0.0024679749366566892
2026-02-27,-0.0027925443634929637
2026-03-02,0.00096974855486057
2026-03-03,0.0004856683239312587
2026-03-04,0.0011461676662481634
2026-03-05,0.002165889888878021
2026-03-06,0.001784581494532842
2026-03-09,-0.0005208989403106323
2026-03-10,0.0011772088040097727
2026-03-11,0.0014091863046992769
2026-03-12,0.0028070602035514523
2026-03-13,-0.0002655672286979138
2026-03-16,-0.0004727206332660017
2026-03-17,0.001084316086741104
2026-03-18,-0.00021385985925390205
2026-03-19,-0.0009753248005937443
2026-03-20,-0.0008771030940538749
2026-03-23,-0.0002620691902858674
2026-03-24,0.0004890498632083329
2026-03-25,-0.0008372964367860458
2026-03-26,0.0013518710110981603
2026-03-27,-1.8711092409295916e-06
2026-03-30,-0.0012286748909865097
2026-03-31,-0.0007472627693711819
2026-04-01,0.0012415842015342671
2026-04-02,0.00017672401318697518
2026-04-06,0.0010253381783658733
2026-04-07,-0.0003165846111501724
2026-04-08,-0.0024052749391722528
2026-04-09,-0.0028061306469981083
2026-04-10,0.001651361235614508
2026-04-13,0.0010013217857167867
2026-04-14,0.001899827925563049
2026-04-15,0.0006035155877328102
2026-04-16,-0.001578248603699548
2026-04-17,0.0002750066076267488
2026-04-20,0.0016088483239870355
2026-04-21,-0.00032703623600926823
2026-04-22,0.0010459243161353028
2026-04-23,0.0055589883785612205
2026-04-24,-0.005797254212746208
2026-04-27,7.874309353467001e-05
2026-04-28,0.0005587357894603984
2026-04-29,0.0005890630109689532
2026-04-30,0.006089038365911863
2026-05-01,0.000274556971789921
2026-05-04,0.0008917416356162299
2026-05-05,-0.001425476188553061
2026-05-06,0.0030065646754984243
2026-05-07,-0.0017981846084363373
2026-05-08,-0.0006124734815253019
2026-05-11,0.00023696088737453101
2026-05-12,0.0010759053847706657
2026-05-13,-0.0031043548608637984
2026-05-14,-0.0008578932360545033
2026-05-15,-5.749988218121782e-05
2026-05-18,0.0017069080877678334
2026-05-19,-0.001584105066501007
2026-05-20,0.00010051723095676923
2026-05-21,0.0013123045499898866
2026-05-22,0.0009703511301227308
2026-05-26,-0.0014601619477087402
2026-05-27,-0.00031219716713042355
2026-05-28,0.00012204761334925651
2026-05-29,0.0009410498854765725
2026-06-01,-0.0033619014218740405
2026-06-02,0.000550590107001514
2026-06-03,-0.00012768125579068368
2026-06-04,0.000516164779905588
2026-06-05,-0.0003639984578172095
2026-06-08,0.001016549206242472
2026-06-09,-0.0005622365047483791
2026-06-10,0.0019752241670556157
2026-06-11,0.00021191898002656195
2026-06-12,-0.0014531986774262927
2026-06-15,-0.0008697905874326439
2026-06-16,-0.0011662819673744474
2026-06-17,-0.0018714786342076616
2026-06-18,-0.0010211450870015338
2026-06-22,-0.0009961601922151386
2026-06-23,0.0027551122028625107
2026-06-24,-0.0013082316862856015
2026-06-25,-0.002240457282547901
2026-06-26,-0.0014240308307928795
2026-06-29,-0.003576517488270765
2026-06-30,-0.0004093144444043406
2026-07-01,0.0017622649182491323
2026-07-02,0.003411901744930521
2026-07-06,-0.0009494626771305437
